id,x,y,z
1,-2.9883105746281577,5.477404776885705,7.543085477687247
2,6.156421951609503,5.073536907563528,12.183634865135563
3,6.645160671120494,19.05864726269121,-9.451894146694244
4,-6.146123907435387,5.033006193084992,-8.305164908773705
5,6.105812908653592,5.701748570440825,-0.5646319939611341
6,6.081894751190408,15.948966039006754,-0.7547632308077862
7,2.622246356378536,9.52399672975586,-4.565423171009637
8,12.088795821346713,16.40828392100159,3.910619444131749
9,-6.050324967253013,1.3223323469613182,-8.269636565973064
10,4.347103884322627,10.223933665678077,-10.541179664592558
11,0.9362392203550541,0.6292735207878681,-4.705827687462419
12,3.83472880183461,1.2029110170816755,13.304066517106808
13,12.462958957762535,19.066175998170696,-0.1537835519726383
14,6.162024124243355,2.7967942386098383,2.7768091540364304
15,6.228869322179257,11.139371637722373,0.8980869082661735
16,6.4385626048062505,8.533490258624914,1.072216219145632
17,1.952047025556028,7.3491781700647225,7.434147384070109
18,-9.471642183777716,19.07664326935937,-2.1971067502773893
19,-7.184419563802659,0.32813253400494635,5.373978944068952
20,2.831976170110211,13.754281561397613,6.7812114042511045
21,-5.078379550306712,20.21879442994955,-9.152922299842292
22,5.8820820054548575,11.765101632294456,-1.5991363041909619
23,2.9237741752004864,19.69513763337066,6.941733195020938
24,-2.44867211626517,1.0527834134830647,7.736952351284543
25,-8.359766746654397,8.774595770674846,3.6980249807598113
26,10.853100603609521,5.5000646512571345,-5.403816223031078
27,6.199739028056498,15.45128335385981,2.0227530133474794
28,-9.339985240973009,20.41173402341035,-1.2098633604680005
29,-6.750892658678271,5.350237367426058,-8.082428668124622
30,2.2727047841940924,13.75904751034967,-4.45231309365424
31,-5.43072326845563,4.0682526774934695,-8.8877081432868
32,6.49832708345804,12.045052309180537,0.0271965841713408
33,3.0233319070514955,9.679041232432187,-4.339745804157457
34,6.398118498720707,20.40798265356155,12.104630545861108
35,4.624594455018279,12.834674936310027,13.086750972461312
36,11.930608624707498,7.280505334943006,-2.7723436478948
37,1.8741387001979055,2.2113541778661587,7.381946196076882
38,4.295400073274153,3.133317950741972,-3.3803415589397736
39,1.9106678712226925,4.8345995845686405,-10.963504640394762
40,-7.676491460910864,5.236610375467744,4.726622651789008
41,5.314351432022381,17.778293784517995,-2.216257325259929
42,-9.3259015224489,11.878245774883295,0.27828518976354066
43,1.6224378018566978,10.95813164925939,-4.7603099766084735
44,10.061975290689572,2.3591302278885453,8.726402640747335
45,4.643715825259518,18.077879169304467,5.538746925816337
46,-0.299964777272806,15.256175388340036,-11.032542817674575
47,1.4529954622591446,1.6592069530732878,7.3175284804390595
48,-9.510168425707667,14.947260652590884,-1.791839446751876
49,-9.001668397986062,11.530286560834401,-4.175863399101575
50,6.443023265218788,1.665635640783558,1.2499705803532049
51,4.0062477867305235,9.521726661504838,13.158290656073062
52,10.299871382790803,10.184855164692898,-6.1510044276739855
53,7.441902179597499,3.4919823349547503,11.657245839883085
54,10.881397243780727,19.751809812869467,7.161755292378653
55,-6.079848198560332,17.831953348103497,-8.37835824891014
56,9.151855567210964,14.089400844083187,9.888611791970437
57,4.181455434551161,9.74424612051456,-3.725245443641722
58,6.488874058350458,8.697505158613106,1.8457833589947679
59,1.9589919771028166,13.699539283183782,-4.737977814596571
60,0.5337083908197128,11.40336839161801,7.911958730062415
61,-4.246849676975206,1.2563451608547138,7.150354315662258
62,4.0816022404221854,10.642660484377577,5.890250621225726
63,12.406296147957685,17.112953465808136,-0.4315908013911338
64,-1.6921294832659666,9.645382465998049,7.65134131823634
65,3.62588225080975,1.0686028230601516,6.460300909700132
66,-8.972696199695354,16.41896297891945,-3.536838039408056
67,5.892031249501311,4.52220521508824,-1.4524123048873072
68,11.649471579613552,5.323704729426524,-3.6621350915492896
69,3.4146141385361166,3.4159486295176062,-4.138204200486392
70,1.85246260185412,6.976100045930055,13.901614141342352
71,10.135506253301166,15.951802916035764,-6.512360044113432
72,6.283206096778988,11.002896255104252,2.025221014431013
73,0.2060607745916354,4.48326760794189,-4.861893680874316
74,12.019891890602027,18.48504740673893,-1.9096764580846635
75,4.099095425092552,18.365615873985448,-10.543561545822987
76,6.611893423773633,18.256452413453967,-9.567995431392282
77,9.861490372870016,5.0455036762637135,-6.678258556602079
78,3.4954359977166516,9.682848831951333,-4.0168128512201955
79,-1.7978420689413228,20.545002231115944,7.839229914872161
80,5.026336848015736,16.33251965303232,-2.64620331239464
81,12.36305059127933,0.5885072826913978,3.4641331875293284
82,-4.11397151274045,1.4530794699932812,-9.81441469128283
83,0.18097383064421318,9.732359441395394,7.8977872991944755
84,3.2816064785013133,19.00938106008013,-4.430985398669748
85,1.4313510366290816,11.387825034947133,7.388986521363713
86,0.7026659086642423,10.519505771430657,7.68991952867943
87,6.4609514480660195,2.312153395663214,-9.53905854573839
88,-2.8273929519023873,13.791051735672312,-10.383179250326087
89,11.468547159978248,17.20418417027275,6.345646287976526
90,-8.923843720336563,7.832941458156425,2.37364702428092
91,5.297124986697827,16.369786196245816,-2.6982769888719393
92,4.674173907207636,20.29639868016144,-10.497473710260781
93,9.271830343979742,4.182517378395074,-7.472689704152721
94,-8.350282780373725,10.936064887759905,-5.534471301423136
95,10.032081284738126,5.983221238580942,-6.536702553775817
96,-9.244482274994482,16.501644356512383,0.6440643818336249
97,-9.38187848997033,12.047692443843793,-1.977499559456155
98,-6.766605749862889,13.212847732875742,5.698558863629167
99,1.0869165117674284,16.71494945074498,-4.818840522139177
100,4.801249575401373,8.241510176078595,-2.948951672256862
101,1.5806860577368504,19.054190944461233,-4.848911257721665
102,-2.8693086402315484,11.395865235225887,-10.032660945120682
103,1.3416338596404656,3.4423053526452314,7.751051183335121
104,-9.469960002239235,14.535979539392853,-0.7658061101021264
105,10.059090139219695,16.685730498868704,8.5811054683631
106,5.144000564621807,6.693741727400189,5.096035667059811
107,-5.63080843668374,18.119872982451163,6.400837015885327
108,8.987640865480467,18.94714784741509,-7.984045463282241
109,5.636552576102314,5.92420491333223,3.8836199694659217
110,3.5703786171953227,20.599160396598972,-4.060556222576566
111,2.995202157575371,2.8213558486070656,6.842416804950354
112,6.288307531172715,4.314742692383739,-0.4031153018041094
113,8.267405871163355,3.9977974664107916,10.451665264503223
114,11.895003247553086,19.032574807518348,-2.8785287237790746
115,-3.206059455019137,13.620171072315177,-10.070953067723524
116,12.172244292587333,3.264081916175809,4.522840604838048
117,11.718211865449494,9.205811661355975,-3.2465839608347062
118,6.492800862722514,12.999594397518246,1.1363219989352853
119,11.249478946753406,1.605696829653924,6.8459620160603105
120,-9.116440056964075,18.40446675898426,-3.5561832613759736
121,11.965186488943074,16.79808676195559,-2.9856111130821956
122,10.977953417448617,10.617238649676212,7.41368435542641
123,1.023831121482339,20.245550793788745,7.551678272573755
124,4.953360601625586,8.838885999168435,-2.787554860967209
125,5.533018983443515,20.769006161592245,3.9417877174928373
126,-6.668031068179564,14.086277729000704,5.537720814023705
127,12.13661061157132,13.489975502298858,-1.6622196861030005
128,12.549762927609784,3.5266354641570197,3.169148767025505
129,0.279823707052282,18.398793253363507,-4.6601365888914135
130,-9.498409325709494,9.113621097686753,-0.8585277200743981
131,-6.2194375770991845,3.3463858978714667,6.157227736988581
132,5.868776093765195,0.3557997694594969,3.394939163613039
133,5.424776805569061,11.912242778061545,-2.7895727237017254
134,-0.5672733171976326,11.121060865649243,7.823736979540011
135,7.096882991881633,14.956810188435863,11.614996260134388
136,0.7734345109849863,18.603597896722867,7.625343660489032
137,-9.572396475407018,1.7998127241921336,-1.6793683886522832
138,3.701517721135512,15.344514028583328,-10.72111076871487
139,-2.125030029680442,3.9436081795434434,7.727494514496911
140,3.5511341793262408,18.097600557916806,13.277681085401227
141,4.661702601945795,17.26996607730281,12.857394701317196
142,5.038990969526166,11.384548835934979,5.205718968568292
143,-9.361830360911991,14.894231933967497,0.17760312296322006
144,2.179195324769792,6.57008553228548,7.146237950846157
145,3.2858516612957005,9.980315760118241,6.5920934050110285
146,1.6213326246004323,17.309731805026686,-4.723426483473775
147,-5.250080405472956,9.618839140575712,-8.933563186071627
148,-9.340877923032014,7.621974803133591,-0.543045919114682
149,2.4771570886955776,10.36555798074332,-4.495565775343157
150,3.6532960428926176,17.308068083748147,6.528852632551973
151,10.274155327785591,6.963471924897993,8.508423808119964
152,5.388904715219966,3.5511193722196435,4.3235334641583325
153,5.832295865324568,14.925053425286029,-1.2834610788883674
154,-9.234389086572577,17.468914894703335,0.8498660037564405
155,2.0964758781574373,2.0328775308911493,13.896464351696512
156,5.199908992837726,5.056203943976649,4.366843242270015
157,0.533003055616331,2.9157428504181304,-11.144238958635105
158,9.318042754979501,7.280738739098355,-7.284632882616507
159,5.448603910147759,9.306366435815141,4.2182362682825705
160,6.246403504023879,15.703299253313782,-9.557685531262397
161,-2.4968662326547393,13.65472874453466,7.786880906361404
162,-3.1638728384920856,13.093528711450624,-10.297935387354407
163,-3.262886921449297,7.422201970128279,-10.10294937414399
164,-9.302708500297426,17.550559402284755,-3.24117777896615
165,4.02826651861959,10.00545033976581,-3.7132454795178695
166,12.608559856677633,20.582234002340446,0.25804496476040745
167,1.0234748386488477,13.336824255928223,7.729055646440054
168,6.404881514072993,2.6506413375160434,1.2742937365414888
169,1.910543682017936,14.14795305886189,-4.607120082490704
170,-6.793010335972222,6.848964558040551,-7.728343284259813
171,1.0286669614957153,14.460429974000904,-11.177359566635788
172,0.8415383433506856,1.287774542275965,-4.856712629386233
173,-9.385487259609416,3.6186340969605375,-0.7905164091091503
174,5.632493727189547,17.944987739981155,3.7319720743726985
175,-2.0124850096065807,4.796387758063241,-10.335372635412226
176,6.39643300463405,17.697194730694456,0.6003665396186693
177,2.685184154009492,5.787623776082941,-10.907758086262156
178,-4.165104541303662,13.450723926551078,7.351076659839021
179,7.467825442207768,14.525908632641796,11.20026547699121
180,5.768330777661456,10.685597057035658,-1.803587055608286
181,-0.526935709442531,6.376805561120131,7.907624764752489
182,5.249987165310633,4.542612125791815,-2.6576641323519015
183,8.820466895538507,0.5915928962745161,10.125103624512288
184,11.856288383411872,6.425655865570491,5.272045199378066
185,4.55667228059959,13.54622837815511,5.499903055442838
186,-0.5651036800005625,19.648267387773913,-11.001883800982805
187,12.175212879447304,18.26234519750229,-1.9229643343225178
188,-8.466381529883268,16.25484627453276,-5.045484694617085
189,-9.356212909183556,16.529913977844004,-2.758906029228934
190,5.4677072832031435,13.744558625650809,4.421340134401489
191,4.367202835492826,5.266135118199938,-3.6625078686420953
192,10.839217939159093,19.0544986034571,7.599975613077056
193,10.595325811380835,14.146755635601506,7.708423598938237
194,-3.356342263018895,11.806798836351964,-10.1366688765323
195,-0.3815101755995703,2.3475358640632016,7.845988870371911
196,-1.1854013548786952,9.5043923796855,8.032068281279802
197,6.066244290005794,9.61356457316674,-9.665819492750792
198,10.842944446287639,18.245326855578753,7.533080044249122
199,11.438793703384368,11.316411135440916,6.37384205368492
200,10.350789954700385,7.897916745084796,-5.846674964746077
201,-2.4308315024705256,20.332102759230665,-10.593769961573413
202,3.824408398086804,2.2976479297856502,-3.668838052975071
203,6.113342603318051,8.868890872824203,-0.3719371542144394
204,10.599548783921795,0.8939283278221631,7.667975663910228
205,-5.786612502065392,15.544174871394251,-8.686032172727781
206,0.2799186593381445,19.18685226310099,-4.836579697546912
207,4.560970297275731,5.8617598361189565,-3.164275098663208
208,-0.13171685955132378,17.875430545920963,-10.884446558181216
209,0.1744028522211753,6.272905737213079,-4.58188165420818
210,6.236252594037268,19.09581078723242,-0.3906443988989235
211,-8.819656116904085,15.784311363628094,-4.510451224544891
212,2.658999816432229,17.06193634651462,-10.9678447373829
213,-1.507656845710044,0.25391301425462154,-10.731986702035108
214,5.725082037634691,20.10645878715135,3.53227139114973
215,4.8966907898585585,15.150468800989932,-10.428856461988852
216,5.647580268985667,6.392985864938852,4.097882194743227
217,0.41286510401934606,17.460451124999548,7.804520674890903
218,7.925434571171564,5.9859127135253125,-8.379891619706212
219,-1.7599696965450145,18.585030162638184,-10.649284044154154
220,12.477343691168453,2.139244953230601,1.9581764192713134
221,-0.8792432193719749,14.838279085589154,-10.813304327916157
222,-8.125918090952176,11.298954952285893,-6.003792421829594
223,4.539176650667696,1.96858235921538,-3.459490113402959
224,-2.4848758343200106,5.01779318061023,7.791936971963624
225,4.3403979471569025,0.16960779474281323,5.744196280645936
226,5.333646900119486,10.012579758214969,4.589923929266423
227,3.603991582175869,6.4108002086613975,13.411181291438831
228,-4.550789195947194,12.567826768108674,7.148327890566143
229,11.080171566834807,6.3770955371296605,6.863439039157996
230,-3.4955334480739526,6.147048445116791,-10.037216836795801
231,11.493986823238778,15.473986660230578,-4.289942511201479
232,-9.432807464582739,0.7932027823259538,-0.15151919139385275
233,-7.755986660456708,18.890853445019403,-6.600762679328109
234,-9.411291884604397,17.913711214885286,0.6669078197195083
235,6.308899369985161,14.03418420554777,1.6127228987212294
236,5.774708527062554,12.472587163361059,-9.999778320778086
237,3.6952561658203313,18.597246777826086,6.478436446596714
238,0.9839847348580313,3.9722492443644057,-4.995939800410612
239,-2.0916182797552048,1.6823151578313007,-10.442288992626901
240,6.499638461582887,5.1030189962469,0.641382517487287
241,7.4519210103443125,16.49686763494499,11.532066299594632
242,5.7243450846157655,0.7592246871359287,12.567892255230765
243,9.637053766063058,12.120167012761529,9.204584993330105
244,-2.7325695863676716,20.864455514762373,7.7694530774626065
245,0.724747147657356,18.023054460451966,-4.817594549157509
246,8.40833528294605,10.95946883054097,10.48625001293117
247,-6.775855479182345,1.2513050970415573,5.401953249002357
248,4.019753082851988,17.459471117718348,13.31243860617275
249,4.705777278850133,12.425395140197057,12.953811324401773
250,12.545797186987413,2.5286196778407333,2.4211518102183
251,2.6607410963671483,1.9504745793408553,6.802799292079429
252,-3.7055025933425836,19.214018202593973,7.48664035757263
253,12.487829016938358,14.000552352990043,2.2319061934870508
254,1.1458258031421664,17.36266518681121,7.617137122585288
255,6.5067377501080434,18.38213822726383,0.14534906592874763
256,-8.649859125995041,12.094836786184073,-5.040983372280301
257,7.606954973108346,10.79543027112302,11.38694348770579
258,3.0651429733814783,9.103435159982311,-11.01973840434059
259,-7.881145233736175,6.617633103846576,-6.107612496588294
260,4.484498766955077,8.928918848043786,-3.5193509026271212
261,-5.045961920580826,16.194441363554635,-9.289550669781825
262,1.2612904101142608,12.522481229881478,13.956982396544035
263,5.783573602890372,18.74637936142,-1.5384636035508472
264,-9.462396507027494,9.191939528395494,-1.6508133557170126
265,11.921768772584857,12.841478663165296,5.121336189130893
266,7.560912122658274,13.248351028896462,-8.85320649783115
267,3.0054920687013875,12.407880808956962,-11.002657250670648
268,3.859890557427137,14.820898448574601,-10.639547341127091
269,-1.9516079792082413,5.082493529278518,7.822938077851973
270,2.8748624821511006,10.75762945328464,6.843790455557281
271,12.0712337420998,2.111600829020372,-2.7442075732299265
272,12.16316343748587,7.89734091892985,-2.8363450785456545
273,12.285091021521765,10.172403465343034,4.032274501131147
274,9.852073721063443,13.634988225790126,8.967028882392274
275,-9.425042601864867,19.971857849609503,-0.9708656845237761
276,-9.447896394384385,12.579157709401672,-0.22732242577614076
277,11.802253950667719,15.6842655369129,-4.0127620955533505
278,-1.6101961332995998,10.570288922272189,-10.674747121319514
279,3.7571083084135988,13.310480542217663,-10.784340261112419
280,11.328465022252553,1.6079752831289311,-4.237161939622561
281,11.14697727565814,5.376405719074284,6.517877491444435
282,-0.31762490048884123,7.592911203139057,7.953383885512465
283,-3.1852584867190457,9.862166010943266,7.783041380923545
284,4.2737675954949434,0.8953005158785607,-3.262738389239937
285,-7.505868272438631,2.8554447233244766,-6.826638020531015
286,1.8373880999467107,5.758999777039131,-4.685267824656233
287,-8.556831609882439,20.477753092796494,2.721189547780067
288,-9.157736178286214,6.936098322034839,-3.693758104444857
289,3.15306710840575,9.98788491341561,6.781349235185089
290,-6.818580208688645,4.29486889681223,-7.813336257791109
291,1.3787642881722453,12.85837801170565,-4.670973487426323
292,1.704709300868344,5.7536531857841435,-4.779315077915737
293,12.353733547580498,4.3026592544828794,-1.3045598379844325
294,-2.1557743357577186,10.859113835648403,7.896304449182105
295,5.490163948542059,0.2860809916985749,-2.26150549948664
296,-9.479544056752577,0.050133439807844946,-1.9028136902111004
297,9.606310548865743,4.698049063074608,-6.8340053361732
298,6.240651383000529,0.9110972552144783,2.9098153745846096
299,-4.134638556415324,2.2056754062370616,-9.785932903881196
300,3.9366587034588765,7.08832227422776,-3.7502463734084674
301,2.4355245076564453,16.750668346438694,-4.656451993759456
302,-9.416114446132138,11.992675396647288,-2.9656217008277315
303,-8.927672538531523,10.762363247650452,-3.7255637589067505
304,-2.726935122064025,6.229230287178792,-10.318823048246061
305,6.154494541419731,19.675846455191188,-9.908276436720248
306,3.2407593351688653,8.262506259518862,13.435727447797097
307,-9.44806714691681,1.6322155962886018,-1.2545921698224218
308,0.6236703463943262,12.956272360546203,7.633062024013257
309,11.385189668257318,2.4199600160054935,-4.32707103189069
310,4.0494292599921975,7.274627767604038,6.003797692412748
311,-7.471098276272958,10.622983388323082,4.771925836510626
312,3.651953576241425,18.371148228355086,-3.965945288469281
313,1.1626302435598692,10.516022667977717,-4.7158474056156185
314,4.745087884241688,14.7856075035612,12.90916150784466
315,12.592624435976072,20.811816776480168,0.1904147776407808
316,2.9679605235724362,2.7112517361480144,-10.717078774516603
317,-5.673260617711174,5.7523768001421365,6.47201951958518
318,6.204815429903531,8.44977158373364,0.5691501452907071
319,6.255823356194381,8.840061678362838,-0.82011373899332
320,4.777838281426998,8.62946314612439,5.030835258855783
321,-8.728049089906055,19.011599696594022,-4.2331908958903375
322,5.135563123417847,15.10458386954818,-10.33441931855768
323,-0.6965055078819449,12.961993221379247,-10.936833400549204
324,3.2849272468409927,6.541888380061563,6.468814555833406
325,5.622327054401896,17.307875359025733,12.433909200076236
326,7.250714872777705,20.059949024502192,-9.16634022614801
327,-8.762510154352368,17.00673325467618,-4.904540918849215
328,-5.238160141264676,0.10738229544941273,-9.166665645801062
329,-6.142562643763721,13.377845415451132,6.0796458363560255
330,5.155030756846312,1.1166772153501876,4.921534760784507
331,-1.800762326822067,5.338605407599789,7.9094693473929
332,8.819343016322717,1.2115730194054963,-7.659610962131733
333,0.6229465968812858,12.638602018286825,-4.829940545015687
334,5.137309165453765,14.520550481752046,-2.742369818111467
335,2.21147789468169,2.366364415723698,-4.730081402889725
336,1.8550250951844816,8.26888257615555,-4.725196168700292
337,12.54927484258567,9.624052929967887,2.538947182837753
338,4.068856787168378,7.622545190979675,-10.711770133234708
339,-8.829180285942218,2.528670380863858,2.1611866506209725
340,4.485012121077042,8.732736081721342,-3.191745019643448
341,-9.334912556777839,15.555300756994777,0.46033827198538263
342,-8.925150220267792,1.6511080492097436,2.2521103378874257
343,6.450811019944818,1.754094549941973,0.5631152377811746
344,-7.208355149221307,7.5035178603456,5.150639898777297
345,-4.87592725833669,19.792780310027396,6.995728489484614
346,-4.841306837333294,13.901823824311952,-9.323390470354852
347,-3.1867971983966,14.203707376168317,-10.29458487047766
348,1.991089791751631,7.684497885073566,-4.902150582772746
349,-3.094347889626156,12.361754612401057,7.647578246163481
350,-3.98716332875591,-0.04042206704247042,-9.913414897105278
351,-9.40018259371915,13.335306373822293,-0.3594492392405229
352,12.427991038552324,19.164850143698217,2.7181819244223004
353,-0.697751546845504,12.877599176882674,-10.71512673361476
354,6.156467411146354,18.4205223271447,0.02075202221645811
355,3.4898305298603023,15.267194746011091,-4.209596930738582
356,-2.6139558855258276,2.5576037250018873,-10.533595708804148
357,1.2705001758560144,19.071072591811344,-4.92587831677998
358,-7.0199608092906525,1.243423753389941,-7.353729991154384
359,7.168790257218845,11.26377510495078,11.654827104827925
360,-7.635619693547526,3.0475334359963053,-6.64198723715461
361,-4.008232679686493,0.12188259674096141,7.0396235180989155
362,-2.5766981967716336,8.71243240181218,-10.447729627118001
363,-8.290955198544294,6.121260648089721,3.5610017314591635
364,-9.207212682583211,10.139856225498134,-4.266079825175425
365,7.023854742702206,12.19653956777581,11.587653818888356
366,-3.8214030320833645,0.857066640118785,7.384724275984681
367,4.867420171293195,2.497434345770538,12.85308761446923
368,10.192080483289176,11.670326951789475,8.236450797194502
369,6.292384184458325,7.318377650041244,1.8791022167089455
370,3.4701306772045095,15.313947575976103,-4.300112872999763
371,4.421927525081723,13.68019951789504,-3.4429978878601393
372,0.7295354062419731,17.74669107291794,-5.017225005397513
373,4.503648608961155,14.671555393486383,-3.3997389633133692
374,1.8960468320076167,8.953635452532787,-10.955955969751043
375,3.3365801338678445,14.26384989937709,-4.207635442736443
376,0.9173854442348949,5.80405428925594,7.604075531396904
377,12.809815576310497,6.416541536144931,1.3231927273791178
378,1.232480784456384,16.818778408130086,-4.92114536974219
379,12.261171117798416,9.269245895453366,-2.234210519236928
380,3.3552936413229104,16.7306185749287,6.30639300724514
381,5.222988057930186,17.147626723117448,-2.6450269161647917
382,3.1378955576477905,18.104055287940575,-10.860135814992157
383,-3.670661868957167,19.41825884603052,-9.913610585601145
384,12.020250938305619,9.217681908919685,5.242212576605657
385,7.08322662776456,6.818598060058516,-9.224371549529481
386,11.694244288110248,12.206411631696794,-3.2760832745000257
387,3.5639205415953312,7.758096794441194,6.6315330991490145
388,6.383149555998991,12.455440525555485,0.6941907340567852
389,8.451358086214125,15.020890469038497,-8.284887270058013
390,12.081168840672097,14.503403196149721,-3.142198437114547
391,1.1442486133786378,7.816414936935599,14.065465661328634
392,-5.849097831178424,3.6368699245725056,6.477564180046258
393,-2.983652719054227,8.943839656030358,7.712565401151381
394,10.18318993896547,3.035139229142351,-5.956737559274863
395,-0.5227849693821658,18.674774825430895,7.752197539351136
396,8.439683217367838,7.327294389483035,10.598203376749813
397,12.262749540665249,3.2372973377711873,3.0835773729474503
398,-6.870290732219252,0.389310168909646,5.458125240637092
399,8.468420317837763,13.569827749283172,-8.136115093118143
400,8.723184425890087,13.479835080737145,-7.996707709700173
401,4.683751675712142,7.149765857621726,-3.2911279204687114
402,10.374248675170715,1.5834611779595797,8.003461566250849
403,-9.439395776848581,8.497653844232467,-0.6220769097749269
404,12.39964973662424,6.53294131700428,-0.9224377291713606
405,0.7460968376768505,14.157082388926337,7.765538021355037
406,11.076670046765189,12.796062322516969,7.362421139051085
407,-4.115803037188232,7.659617448374539,7.281666594079448
408,0.4960795134618859,4.644751006988454,-4.9615458190598165
409,10.330149565104735,20.857526331883214,8.2829172402298
410,4.331992137546187,9.603195902630551,-3.7568615465362165
411,1.03977500979503,14.481070794814343,7.772192563462721
412,6.287755689057357,2.851791093294436,12.122200693895003
413,6.107244426772625,10.197105081780663,12.108271888683534
414,-7.657659214870422,0.5249620770571919,-6.453462228056396
415,-3.407024197523525,10.580151080449026,-10.161746324962834
416,-7.88489544159035,20.206912134396724,4.322791502822902
417,2.6330596619815334,7.97034841522358,6.874191316071697
418,0.3722416731926636,0.6231824051597443,7.662496891090693
419,0.5259631945579641,0.5832573044734374,-11.24921509192896
420,8.467080040987856,8.167059904076675,-8.160450687970943
421,11.160854615690242,3.225705961184326,-4.72382524667743
422,11.03065641221839,0.49196224653906656,-5.010084349762881
423,4.433701064264877,16.07051273538481,-3.5181502644899334
424,-9.226100566551802,9.731288842044929,0.5593564185368789
425,2.904916068378536,6.238494362337798,-4.503257143142109
426,-8.955601346240924,18.94085963103937,-4.315071735278552
427,-7.553004842028387,2.5556691465096826,4.7124633820882105
428,11.269534317950876,20.001898935014925,6.330243372876009
429,-1.392385738015024,6.528867038222211,7.805913985569202
430,5.099956842289575,18.38256309786856,-2.5389123785135492
431,6.033779169235029,12.780414953472922,-1.301359558539542
432,9.22832913827587,17.514886952553226,-7.430458724737875
433,-4.539941237396028,20.608958702885023,-9.543881097406585
434,4.678833715556033,6.031119023553937,-3.220589079867354
435,4.151314312253248,20.108458982190356,-3.9397470790367404
436,3.4479555033742617,8.217385148098575,-10.7426850028657
437,3.544435661846695,8.208243254005692,-4.033098026915659
438,12.500117001136609,6.973851991956515,-1.4106069996485855
439,4.045393186719985,11.410503607363514,-10.744180101280007
440,3.901872031003412,3.2093787295763145,-4.051334419284601
441,3.98603035510793,11.639280631714904,-3.742467257588031
442,1.7368761912672308,11.421700460777513,13.92578939501722
443,-3.183239353632338,15.981117820824988,7.621193298736525
444,-2.8981358411031337,17.49629051534872,7.652626857813374
445,12.346851602885074,9.22788083980544,-2.331014933566256
446,6.5055344141143365,6.446029856560196,11.90376812474937
447,1.9206629189772966,5.487908839671734,13.914076479727926
448,8.535496273004014,4.109158924576047,-8.155910275385278
449,-3.328748535140585,1.083504054070294,7.502086271579867
450,4.002966232631127,7.153549581207665,-3.946247450122964
451,10.253271645842316,5.765068450780366,-6.1178265438450525
452,-8.543313421712233,20.298534760506946,-5.222607272315466
453,-6.578522192655918,11.777838498209835,5.729033634568767
454,10.248787059112207,7.469468999673422,8.04985455755215
455,4.9730868076379044,12.293680227788498,-2.956903472341299
456,-9.293099783473714,2.93244656202958,0.6105740843809453
457,0.5840041056238248,9.273819816226688,-4.641323172580616
458,-8.66060334146599,12.89556579023675,2.549484593929648
459,2.554869740849339,10.250015975394195,-4.505735034365177
460,5.220743859316947,8.404753564159124,-2.3923728637519024
461,5.326412172505423,20.9098527863332,-2.7314458129621846
462,-1.6844575224173326,18.471219482429998,-10.645399421773611
463,7.851521639437898,13.059486615404563,-8.687976979031239
464,-7.182361515559785,11.778984691777216,-7.272794870066229
465,4.611773867148386,12.93987329340126,12.833795209077865
466,-3.1414135675900297,4.275219368351154,7.548470044955513
467,3.402894359733979,8.469483371663959,6.9439449935860305
468,12.098017805236859,0.8188976523343233,4.2931299418288775
469,5.7779893215331395,10.019247894580772,3.596210979524806
470,4.761330691367284,11.498764078806207,13.019575357658345
471,0.3974531147179906,4.701655064547376,-4.95593186914751
472,3.8168570143481864,20.28128719480433,13.338292055795286
473,2.0850267166776155,19.024497819048864,-4.594157927814296
474,11.14938701418917,15.251490388423125,6.710005814615956
475,-9.381223259055808,11.216259508867788,-2.4035899833173398
476,1.006706889088776,18.29919753399953,14.110376201360822
477,3.507442128076117,2.665439360550862,-3.9665692606159
478,-8.653498202564496,16.671408915733664,-4.869397240656043
479,3.916844421593275,2.829708385426916,13.16255881288194
480,-9.377887263933168,16.577632743994695,-2.118711895332039
481,-3.6747160320009336,5.757143032513744,-9.850893175523723
482,3.096169887771654,18.442062948798778,-11.03182645036407
483,-8.232895089720671,19.903524591532936,3.5307146895144856
484,-3.847162121180554,3.0687607289784813,-9.904298351710565
485,-7.258100143305604,9.43288467735899,-7.336981544826844
486,10.594706953235615,20.73665389083279,7.878967217826093
487,2.054068593664683,10.227606767394494,-4.581788373805694
488,3.3758001790280123,17.96020321975678,6.4266377911949215
489,6.184546328736744,12.302605085579762,12.01656189039454
490,11.282897340657879,8.038746309264372,6.902399149438019
491,-8.15337228270927,6.1462343078890616,3.5558448282440303
492,-4.526123960094674,4.361548915075727,-9.663773731960342
493,3.7278188406334216,15.980150775535655,6.441695606069384
494,6.408337940527254,8.125649385164836,1.2640036820790888
495,-8.511742441608755,10.723692125703161,3.040875328836983
496,-1.5910155155578098,10.451659058351703,7.948208250629427
497,-7.184896482374835,12.035275373246245,-7.135413775402935
498,3.678198461424829,18.096540092627176,-4.081266064640788
499,3.321654170280407,20.69655367393562,13.645173245709275
500,1.6066181743461427,8.554832234498999,13.675503391878673
501,3.3190102542140623,17.515744099777745,-10.722582650718733
502,-8.984073393333757,15.987932467051017,-3.3422902614512484
503,1.6614789317581213,12.038630144533155,7.575615621730551
504,12.10007604724986,19.984748717366198,-2.25304726700889
505,1.9291906100774214,4.210701094238815,-11.071680665862822
506,6.271707092877867,2.1466937228021696,-0.17201648239100004
507,10.01678153895181,17.884437963968367,8.97005680286883
508,12.27436424251025,9.078520762815904,-1.2019077307472827
509,6.299431174319648,17.855738261667394,12.060061445100375
510,6.161670079848692,18.82655324307968,-9.857057981784576
511,-5.062492528922316,1.1385831929520658,-9.19999647533544
512,-6.175838596214992,18.686148597257333,6.023754947439981
513,8.102042279776187,9.664441675399852,10.953828168038005
514,12.354344996080723,10.72368290776251,3.707430447409194
515,2.0099387161831697,13.09433130693495,-4.6455042425346385
516,1.3021625728575037,19.736467800432127,-4.837499975936036
517,-3.2725663430969223,0.26954113319479356,7.503508846375006
518,12.07538079796077,10.01572348136107,-2.705783637086612
519,1.684237203629545,14.460125118304965,13.895125164303153
520,6.043260648130373,15.31136087370804,-1.2952608573966367
521,-6.394010026611641,14.579154959791946,-8.064787373315426
522,-3.6062237718057006,2.773274327991714,7.394530394863979
523,3.763813059358931,6.19218891876651,13.353696508608145
524,12.566481940048403,7.498843851732669,0.9656306585778636
525,12.617343752610052,16.79248862517509,0.5721138865797446
526,-8.61225288361375,5.8587398526840815,2.809124758095604
527,-5.929288633852757,4.368384623225217,6.301297214554193
528,3.816411636344334,19.957004620471047,6.247406636575657
529,2.9053913612348286,0.3116435662203373,-4.570781603923695
530,12.329937269543946,20.90447071697864,3.804130631295778
531,12.272617322745877,14.086433595507778,-2.391514149654346
532,0.022438547249761173,17.381029374982703,14.114846715882498
533,0.5003630396917351,6.193844479866822,14.139353094972849
534,-8.536388865824877,0.12597415845035617,-5.0232453230805785
535,9.949036139520034,15.528424656504706,-6.6672684410120935
536,6.878296119590058,17.412320780145166,11.796866948523814
537,12.657284275102551,15.72110165194298,2.0099395004924077
538,5.071975159141749,3.052252084525284,5.00010551701744
539,-8.06015844974033,15.78199636838542,4.12932626099349
540,5.596302180345955,16.072861647228724,-2.1936382022931245
541,5.844231509230067,13.818854058314791,12.4835213938325
542,-5.649267266487655,16.14971366286564,-8.69142732513905
543,5.83523302835707,17.761800820373853,3.8762139309355446
544,0.668995635794658,12.863970518272941,-11.141921791534397
545,-4.746043504255368,1.8665360224450498,-9.520238158714108
546,-1.959147881160807,10.179798109887733,7.9670029272899585
547,5.059208860526346,1.5963154354194027,-2.851269508703429
548,0.5411854599905649,8.349824407790546,-11.059982976263388
549,-9.49303614308438,8.646608894723418,-1.6716891109276801
550,10.197901386049647,1.4160865049772493,-6.526602077298462
551,-9.399315532194876,7.247885628955723,-1.8888654735250903
552,12.54740898448634,2.5208335727531357,2.1641940855376633
553,-8.894709901625653,16.981641058232903,-4.625599491589163
554,-8.526411959636997,19.797834188056367,-5.565526133580312
555,11.936284497375722,1.6043197225637567,5.1266569229335754
556,-5.441717045268907,20.097224174776656,6.754230211165089
557,5.796006601840989,11.01356658462007,-1.6800406358016318
558,1.319583695653616,6.248303676566193,-4.734658468537466
559,9.083985418404803,1.6591531531772372,-8.02140907271365
560,-4.2369791199936415,10.486933800456665,-9.4490024141924
561,3.900934285581022,16.740420579470307,-10.679933140011155
562,6.0792956029201966,14.658321577199597,2.7162941202809168
563,5.854395470210414,1.01135889444553,-1.7065150031039669
564,0.833003705986046,1.7031540525067934,-4.660160436001794
565,-1.4617020697878134,8.38363218974535,7.9273593167699135
566,-6.977762188434267,6.14071654525749,-7.6987905636980765
567,-4.4949510706572475,4.835274650332007,7.30972895057821
568,-7.287009760931529,5.779613863494121,4.767337638095121
569,10.443096021499525,16.65230953161175,8.063676652047505
570,-1.0136657770640154,19.49073048641657,7.754102264466341
571,-9.593650331339344,8.520742527487062,-1.2191080497303528
572,10.564410674405046,19.02308053792857,-5.443290817551724
573,-4.655480862104823,6.7369218700107325,7.148410744878563
574,-4.396565946760957,10.009480800304663,-9.631275652723568
575,12.160519536416041,4.848893101291071,3.42899621980916
576,6.271588370173481,13.430952267099801,12.144439400551178
577,6.074157238329701,20.50119516096226,-1.1080019480025654
578,8.565848069068347,12.645242468422143,10.186196363830685
579,-9.370461361256321,7.572030442360204,0.9651548682078399
580,4.629758309222012,13.74536905365542,5.482172329633459
581,-8.41452065796855,2.518519873856221,3.4170637212986787
582,2.4747663871493852,18.671734064276258,13.764221861083165
583,-9.40404097019022,10.598598710570158,0.7212842007214566
584,0.3893069736603261,9.3370867821596,7.789463446980897
585,-3.2623018580589007,12.305202274245195,-10.22445725780524
586,5.38557393757605,12.973893732843242,4.5138011887205245
587,3.458752233843983,1.3303869003828337,-4.059627604499408
588,5.53699001654193,14.371636286480676,-2.147473524258386
589,5.313677348043879,5.042177812493043,-1.9653775044720125
590,6.102501481621218,15.013233323400508,-0.822834142597094
591,5.9576287114291935,17.271441184367298,-1.4886993506044182
592,-2.7354976158396034,16.785488653736547,-10.297181087450456
593,6.302027749692362,11.597994885369237,0.9204959804703995
594,-0.8915010237289561,10.800257608024289,7.948131991261496
595,11.004823454930431,3.139492423927786,7.492992826496369
596,-8.949169892960684,16.14667212397985,2.1576418792129726
597,0.023186940076639878,5.680018462284144,-10.998179228365732
598,6.130581403871015,10.326376720372151,0.350003282428504
599,6.345693747536619,6.02679806881393,1.464734992052691
600,2.119484507426786,2.777252485865406,-4.492312926150206
601,6.330859535566295,13.168844962764348,-0.00595349364890746
602,3.6180181370304454,1.2262928857861357,6.253031089631381
603,6.3825849404538335,15.724492975817956,0.7524780923962289
604,4.115621613322401,6.720987145077046,-3.648507562829367
605,5.226183959054811,-0.09530404055755476,-2.561367710510279
606,-8.361155076340063,10.593230229589075,3.3322592262519066
607,6.219793447556192,0.994610875283679,2.5779697109636386
608,-2.339728158937527,5.767676078689416,7.798732269272752
609,-9.549617178711417,14.909149703815434,-0.04464635139083556
610,2.618471082590799,1.3084912087929281,-11.112235334734196
611,1.9069323625295789,17.64661587339951,-4.668606989644869
612,11.570759240117745,-0.08211987716387908,-3.7324349548723705
613,-3.697873559086973,5.372144947201373,-9.839417896415682
614,3.7693239694623313,15.542560980690297,-3.9545628394984966
615,11.947333137316864,6.711431841349362,4.764389680253294
616,9.010505317311166,2.0561309823643215,9.88137233028182
617,2.7015777267516046,7.59571328503072,-4.354243669716684
618,3.761765117530944,5.5479745377225615,6.369912620599102
619,11.727237551663427,17.74215672919762,-3.009800708927691
620,8.058404945730594,6.544708860849422,-8.556014778538074
621,6.152775692264687,16.57050095768971,1.05771511432493
622,6.143171732326921,18.79911244403844,2.5234384667352865
623,-2.828357827789501,8.98691177998509,7.667939004431702
624,-9.213039950537768,19.040356847880954,1.4502182344378276
625,-4.747916516862943,7.969411561335726,-9.450350564993366
626,-2.8122209519040853,20.455468893746946,7.993855986433078
627,-8.465557701111862,1.8612717815708832,3.156417542070147
628,8.057992514246175,14.48651820836049,-8.50336204490307
629,1.7457545731003683,10.359397702609654,-4.748202476285955
630,4.809475646551381,8.33484947404422,5.064541310701892
631,4.8887117294468965,13.112227287024092,-10.352233113524745
632,11.106694615458236,14.79046102878789,7.353573459696444
633,-9.418531077963136,-0.07092574069971527,-1.035863980431388
634,-9.326533562715603,3.2553577066375015,-2.978733221017417
635,4.871902804830766,15.003713268632474,-3.1357099989502006
636,-7.878780121098954,14.008043464757082,4.201533149800361
637,-9.275158626036328,20.258513913928002,-2.937491577276678
638,5.253888493167236,15.971174186262466,4.704130322712263
639,4.10130478876967,20.276056805765226,5.833023922127155
640,-3.3065978264395155,14.727533018427803,7.5369651456318385
641,0.8223546473732206,6.3101088175533135,-4.799687144293902
642,0.7186779884127668,2.147726885306598,7.5210002010219
643,5.977996433621453,16.44782438774771,2.663342622797161
644,0.2687225085282931,13.503310283488672,7.719195759384552
645,5.157886725846088,0.9708544119862478,-2.5784675774728645
646,11.263032474905163,7.742949637140577,6.746361133044105
647,-6.63970833530725,20.210514621488446,-7.973653596538401
648,1.3508354060132595,10.52209872465415,-11.092067575242734
649,11.116299687640254,8.856890662819401,-4.869561315160626
650,-9.605932255473768,9.575590786019916,0.31046087197776195
651,4.106895368791923,4.656839960548947,-3.6130611415043696
652,-9.101752693823027,7.719784421496729,-3.541368774434832
653,-7.099077523752899,7.876400132936075,-7.420809378729379
654,7.977725263937008,1.2436496641321806,-8.666790113809695
655,-7.107074577283204,16.140816590461878,5.288087224599299
656,5.527758604062661,8.662410906794642,-2.1697783818806142
657,3.1996561820081784,17.0222463899666,6.607478341776899
658,-2.4302366714547627,17.925724344378697,7.831861820326312
659,-2.1368828775249527,4.370399548389464,-10.652054382317555
660,-7.940911059564888,13.82203817076147,-6.333327483322208
661,-1.75753941755655,9.79293585346368,7.8386766723370345
662,1.657359138954922,18.456767742304166,13.920508444057438
663,-5.697970646668948,4.533926168195642,-8.692169419189238
664,5.494525821144091,14.260936564615358,4.372858311619107
665,4.639339482150494,12.651312348571931,-3.3055903014925785
666,6.119276373591526,6.321022123884624,-0.7700719348080035
667,5.0900340013849465,2.8089294982014277,4.8745987497884515
668,6.334042568820742,13.516988023977484,-0.23450702739451346
669,6.239645660522903,15.499644278782599,1.2006431780132214
670,3.2980575520419166,6.631611749932996,6.625642168140048
671,6.451910897179304,13.557543627785765,0.4200093874812913
672,10.929056355445944,8.433962300210077,7.294540402811569
673,3.7320172258065214,14.953699665261386,-3.997523399380525
674,-9.452112399152126,4.171558810338238,-2.1363807990819286
675,-5.5946690360399325,18.584196617236355,6.479097004922045
676,2.1673362469432638,6.117656876065964,13.751831273718617
677,4.923537033892423,7.741936649287021,-2.8186018937392734
678,-4.874280324084273,1.1779282209579292,6.862629194582576
679,4.053964047214637,2.151288989400258,13.350421521017514
680,12.320424835599386,10.977541176464399,3.8351478891793325
681,12.17081119980136,5.496678214841796,-1.9225749369506782
682,4.630019603055308,17.48595693964911,5.376590247955174
683,6.256531696958895,0.344395612861631,0.2451797277030275
684,0.13418814449968172,7.841319229248992,-11.057079587484038
685,8.417157348026365,6.9349055043256325,10.66168464944513
686,-8.705353053754258,0.19348549099955525,-5.117229128948224
687,-7.724455447363505,2.6838360743012784,-6.151463501299813
688,3.625525962191784,8.631977548818709,6.5876672545467985
689,9.972595698191393,10.642883282643712,-6.861521957815203
690,6.3098943616973004,8.390649185789163,1.2429055306048555
691,0.6903688479462029,11.057546144311079,7.6658164130367235
692,-6.798844923802361,12.441225875990773,5.604513850300307
693,-9.524552765641728,0.23271370919839715,-0.4803208408724152
694,5.338007257121208,9.69897801464505,4.5506109181090935
695,5.2465874285875165,20.294717280039606,-2.6833631207104713
696,-5.386287827799674,10.801819043721657,-8.986536983260615
697,3.0031109915251575,14.09022844479166,6.68263629869519
698,-7.3617221605334455,6.369319542313637,-7.147552404777275
699,5.98622491810697,16.031461524414294,-0.8341641003890148
700,-9.0421961133847,16.179544217450914,1.5464237017176177
701,-9.348867832191441,10.917118969497595,-3.2273681737317945
702,2.4208698522482752,20.433146586115168,-4.538239652180928
703,-0.2882287875787399,2.7608950897344373,8.08648253527846
704,5.62617472755351,0.4787039836420144,-1.7748485047322073
705,2.985503722911034,16.139842148154564,-4.531991870177955
706,1.3051989137903535,16.770874173343337,13.915449124556776
707,0.7633997493845028,2.467681300726596,7.663155716431076
708,11.971920269815689,5.517257352739022,-2.8090516629870694
709,4.836421724145395,0.3028861344714013,5.330270320718297
710,1.717317451499835,6.089708936002034,-10.945695393334443
711,9.181895522966691,16.17063306271962,-7.666793407669402
712,-6.308107957004387,10.838516920374381,-8.025055688573927
713,-8.96930458616806,7.246453346652495,2.5764685004376764
714,-5.778455665580285,7.827357443895496,6.5370631418468195
715,-1.2769204470570252,0.06446301161531734,8.201317563949676
716,8.157162352276375,6.204746570151705,10.518805125471136
717,12.4627531979369,13.702740106997243,-0.03831319821171886
718,4.58838365731231,20.360077089959436,13.028837345587586
719,5.515948907101511,17.626497305280356,-2.3468589541089937
720,6.6230594686834845,0.5335720646926169,-9.508336818603036
721,7.288544218681186,18.78803188473019,11.272531068255052
722,6.340433367015048,16.479295826346885,0.9185730571161518
723,3.161474210733006,16.147531734880534,-4.4564659683339
724,7.568460271087551,9.757156533223307,-8.95753751254538
725,-7.91732370460158,8.4253404928486,-6.409868765393157
726,12.51689105711048,6.211182650580745,1.0057831353649525
727,5.830639934542722,1.2317143256570526,-1.4978946531419453
728,11.483996986588169,4.9601692237774335,-4.238772530751604
729,6.037342439979758,5.104938344188722,2.2567088082007682
730,6.236079602896399,10.082199979040972,-0.3429814088162576
731,6.273259861365753,15.469727329115644,-0.08319724348439594
732,12.281411003430973,9.914928575796722,-2.205845155883722
733,-0.08279750884782013,1.1919614769067974,-10.964008163259033
734,-9.356973763444083,20.18513513042923,-1.9736113908841764
735,-2.006425028051524,19.65730285815791,7.742282140456573
736,11.6953914837001,16.336951726892515,5.113512302422633
737,-4.48658829837563,20.86298219632628,6.945660469197014
738,12.354817029431725,11.534801995928229,-2.00382252967575
739,-7.295001113921124,20.061020120205537,4.936493537889961
740,-3.23122078860319,1.6958572615817404,7.564570358171207
741,-8.474625350887473,7.6830498976374795,2.9918945317857197
742,2.2784344885096037,4.842187162049547,7.16428235780899
743,8.069433378200742,4.105472730667909,-8.64846755021404
744,-9.460317060140964,2.704634134997403,-0.3547919928908865
745,5.7924155748654815,13.055489734654326,4.0359626031425755
746,10.608229504364134,16.513773352560534,7.593049517085591
747,-3.659455106600511,12.054891785919203,7.513786190130685
748,-9.050451739927835,3.047420404461658,-3.9318295609661864
749,10.361702044831253,17.015985818247792,8.439310135285684
750,-4.265675568510487,13.06509746245145,-9.787609036074219
751,5.244759190148719,8.318614586210654,-2.550970709165473
752,7.215664239978651,14.066598638267605,11.524409890431167
753,-3.956923543230465,5.50857810734677,-9.886453799750818
754,-0.09474537351857171,7.240366264763599,7.924415027322528
755,5.9262413445589415,19.39296461140773,-1.5595655077926276
756,11.284000607776665,6.141200231342636,-4.361355081238389
757,-4.638063101863711,9.846261204164572,-9.588617391445872
758,-9.268978462876369,18.60361237606438,-3.020797910216963
759,11.046044296355788,14.941933425756291,7.070126813089129
760,11.135985237659503,1.118923619063296,-5.015914489751848
761,6.175643863122549,3.1579529718859662,-0.9338405134742386
762,1.5415304101881722,0.05476893105476589,7.538926551449882
763,5.244245890268557,13.374585961008096,5.0477025135122755
764,7.826264002905649,9.417271887885054,-8.632193601393546
765,1.5281972572552183,2.8841842457327966,-4.905048410219709
766,-8.135084501745743,20.124815423574653,-6.043024131519587
767,9.314874410921622,10.947616493343917,-7.401676628302205
768,11.87006756739194,4.993686260031139,5.224455007558187
769,-0.5576021363850114,10.579913928009995,7.818850080361222
770,12.418239384974674,14.288692569173248,-1.4000180957942794
771,4.853047132230999,1.7191225679754212,-2.868650352546044
772,12.610362538144532,5.809107572309449,1.4165795773354455
773,5.582497528277206,16.8496051194936,-2.0735766914983436
774,-4.6414165768922615,9.573355864683823,7.101070264987408
775,11.61697549353012,11.488411721730516,-4.090881904858708
776,6.1252516252892075,8.857731639798844,-0.8269034367516609
777,5.717675210131398,1.089242984065406,3.804045163755079
778,5.801413735793826,3.5249200498610302,-9.88953801382204
779,5.667899927475931,9.479077873284595,-10.296225620571363
780,-2.69512483081016,4.234834379485567,-10.203615073783643
781,2.8266267606046935,1.174016117888779,-10.73322255627195
782,-9.118690263850777,17.939792836191074,-3.879590189213779
783,4.9624798457145305,20.4729552769087,4.897251807300449
784,-0.8035629918752804,16.733140533421906,7.945257956158817
785,6.300709462744781,17.92959435026674,0.7566108368057474
786,9.84532113972302,4.927076351833128,8.67662247978769
787,-7.257317199138485,20.22245488296238,-7.182894872458493
788,-4.954097168775342,4.218800114005731,6.734410102077688
789,-8.43781935706111,19.91991336233159,3.2898186338892024
790,6.544512765625355,21.007796825310496,12.071654811914923
791,6.081268680224601,14.779502579988103,-0.6731406842784984
792,-7.166602322229402,20.454542752983297,-7.432996585223287
793,-9.414151222417201,11.973995110468053,-0.6674329135022682
794,-5.291668517530441,5.452915974495124,-8.990900478095933
795,1.0478334104216978,9.105256250135627,-4.839153358547597
796,12.134367382467339,12.545739086551695,4.484234489127533
797,8.000030031459328,1.5878022339889095,10.96326139291045
798,-8.267000101437441,13.15502246405557,-5.572636891466288
799,3.135597063769224,20.592420928472958,-10.83494832804176
800,8.920854485579003,4.052518672256114,10.2024614999386
801,4.357154874636154,16.599932411753052,-10.547092103344296
802,6.114241182096137,19.271256538380666,-0.8545036128604484
803,-7.705993325183819,19.736478872212437,-6.744075149065926
804,-5.395904466563251,20.37337743546022,-8.645638454222938
805,-6.571430165760155,10.954141207859852,5.632573120338977
806,7.199901368302014,20.3859149788647,-9.149269928999578
807,7.778281765449383,16.040322284872076,10.957744884737927
808,8.707212650262905,3.4076902998156955,10.217137161135996
809,-7.985533954754755,10.100014645665393,4.1081453075347625
810,4.873262994608902,15.207340274666343,-2.826910163474476
811,2.194075026739161,5.227942187615253,13.811240496256518
812,12.730530676941113,13.393694770045354,0.7747906930620063
813,5.392252942037324,14.09618139774593,-2.110515672704998
814,8.978882407105992,3.4167701707253433,9.898601668094976
815,12.186704661825999,11.935377343368723,4.296090313938008
816,-9.442707379466228,15.988792073171616,-1.746957877548699
817,-6.672816781133299,10.521507126955765,-7.788123103400178
818,-4.896439851960789,0.1903068697837529,6.933321119529768
819,2.630923018575267,0.3551388143829888,-4.646239154026816
820,0.00645880251308073,7.559924958159165,7.942637814008441
821,11.83274220189796,19.47406121165235,-3.470505273690483
822,0.10259738927423169,4.850843371010806,-4.923084219015346
823,0.12397815493766723,13.22179338101776,7.762642380130581
824,-4.692628924720763,4.825918953612537,6.882802068826451
825,-8.861025640768526,6.9542068246922115,-3.382322460115922
826,9.061405293503695,17.848175232685985,9.931383227982534
827,-0.9515258561760032,15.465130644526248,7.9405274703954305
828,-1.2300460074893487,1.9464700037101699,7.832594871516124
829,7.276023413549983,8.923031084092608,-9.137140376380088
830,-8.134521608024285,0.6166575114234462,3.8710737958363497
831,6.028477964921877,10.14218718249998,3.579031921143074
832,-8.167184922372893,13.871715577598119,3.9483630532847065
833,5.693202747345268,2.542331914598031,-1.333846008312882
834,6.300938510860943,6.097222665299821,0.5807617917798437
835,-9.60583002141259,8.25473845801619,0.3086386315741335
836,-6.1778811607114,19.362030819522214,6.083070455010665
837,9.382891992891155,20.944708148134396,9.195063343468867
838,-2.195563570390286,0.9602842106669721,8.045899856384283
839,-7.593048058022111,16.096431203729402,-6.9799966756243155
840,-3.4317428128235226,7.684465015099512,-10.198819571863886
841,0.75962162303079,8.288416953032266,-4.633730642682204
842,-0.2873099468809138,15.7225363696478,-10.75353464555769
843,6.267337892835865,19.175546939230273,0.680132641236972
844,4.93664294368348,19.906407401179738,12.803385038215954
845,6.027503747285225,12.025368288447313,-1.0496248233107348
846,-5.929628049354857,7.444744763436446,6.283027071597528
847,3.8376973427386525,16.517115771963248,-3.6983425907735383
848,0.4748023736789118,5.354744497141444,14.158634869407312
849,-9.713883483470987,11.813438701633302,-0.1852166662862009
850,-6.488565130967715,7.371585121345378,-7.930545145173208
851,3.1093088232935133,13.903259332514915,-4.342965797312766
852,8.3903707168744,4.964668157402142,-8.230153017605328
853,6.14504818336687,4.017579817720878,2.6229275605225446
854,10.659560010955783,19.327674470878247,7.5911960916374
855,6.115163157181781,2.157838383780553,2.345941115986094
856,6.363337276206459,10.734534017185712,1.4555816432299762
857,1.69979648486228,4.685808756562463,-4.79752833071172
858,-8.903776897977465,0.7313982718693056,2.5186080475226005
859,-8.267576118201998,0.9742514015191204,-5.831682324967164
860,3.164424776325507,3.6990905605561974,-4.415561807941942
861,10.229407261982457,18.187443421963856,-6.018103215934853
862,-8.13665493020036,6.028446165823117,3.9266230273384553
863,-9.183695149850362,19.984587676674217,-2.4383596921887247
864,-7.662544077979274,12.253990972066998,4.640433076015719
865,-5.2244463945753505,9.418116385004158,6.650880474535617
866,-8.371929473224963,12.154353385233042,-5.4176900752665835
867,6.07185411373462,10.818890000349883,-0.9776147941971992
868,6.328828428519634,15.945959180105074,0.9075531945809608
869,12.297718042129436,6.039568978988002,3.2863685388780786
870,6.601950760672115,7.2634048205873105,11.915181062633676
871,-2.868353704566325,18.579424764050614,7.490927982537372
872,4.120974662758631,19.816875249096498,6.044793078300329
873,-2.1996713039614595,18.580330481310035,-10.578329703666164
874,-5.728460556552572,8.765924738351021,6.64172213393011
875,1.0583489389841694,16.437925532757443,-4.669458529846623
876,5.869847541733089,9.913975512967848,-0.5332618992207995
877,5.054972538134058,10.30565423739001,-10.277668492206967
878,-0.7006824545899282,4.305216006374498,-10.694993576209063
879,1.3065863783202964,12.499990716890363,-4.961956514182349
880,5.878657428643159,3.7393565089686454,3.2479604138722014
881,5.657012266749848,7.044881920241668,3.9220256948873935
882,0.4749003018907697,18.03736485439247,-10.806030327968218
883,0.9251694236929717,4.444000503643622,-4.83411651735303
884,4.808901923538846,1.6161720101292578,-3.184104340030535
885,11.487206773657752,1.6693608373351039,-3.93930211391287
886,6.385066721512679,19.72086572570336,0.8090174802769777
887,-1.328057172528347,10.656286355206312,-10.67568848960739
888,5.394274035754881,8.556009664832583,4.421142655457217
889,4.6231479198609655,17.028647885641867,-3.4076918769131512
890,5.542446738982639,17.70563182168447,4.553326960588158
891,5.753566210745753,6.84151024703463,-10.103145713128521
892,12.533718714696336,14.479874239733142,2.681499424089594
893,12.457824001808586,16.331297226540073,-0.47587134520966434
894,-4.768726013292757,13.849668074875254,6.852614028949777
895,0.1931987388845182,3.147183406120379,-11.050328357464533
896,6.235221691449358,18.47898495397027,2.2987645362348417
897,2.6620040339880777,11.355107191705386,6.891681384684101
898,10.92815725099993,6.081948414670177,7.409773204763215
899,0.737211330085636,8.937242853574249,-4.790768927661164
900,4.026051148810852,0.8915561097643132,-3.850025729793683
901,6.270721981126521,2.9494040167200306,2.545444626862353
902,1.204317475686541,16.136291676337827,-4.907257457115535
903,6.435252855651107,0.005177146442173326,0.9015899544081719
904,-7.209634200150277,8.820127096650234,-7.1828048046397335
905,-6.504858125848446,10.93618571697697,5.708926880250726
906,11.15782090548386,1.3861195905728914,7.0633874249404185
907,12.178467672146416,20.45264852618859,-1.940682411806406
908,-0.6970101164979684,4.72133862422056,7.917622889700989
909,4.6111298940558445,6.304604211859895,5.606437654774457
910,-3.4786089840112955,6.492514776516218,7.6046055275803495
911,-6.892970980740427,4.925468645747122,-7.7234089057887125
912,4.282803592838655,-0.018785173328869587,5.875597239137061
913,-4.075659106497336,15.373885810360166,-9.660780498763197
914,-5.702841557537074,20.15289989896371,6.528004562885364
915,-8.89987424271718,4.728660206493261,-4.732902006483545
916,-7.28630445480214,13.96926666307954,4.916734280140706
917,2.6373398582347365,15.75055584708894,6.7836393696325015
918,6.385542274949496,17.739851080628153,12.087213043232998
919,9.392518133933017,8.74737787440556,-7.283316816660712
920,5.644240456103634,6.272006222356509,-1.3804744473452897
921,12.157996413528775,6.697540964452162,4.229113480753106
922,-9.271663315623366,15.098713730844667,1.2332560699273003
923,11.079025445600367,17.307232726120763,7.0998360522246085
924,11.576252816825125,3.8459149806835384,-3.687795815956982
925,-6.4742028543814465,7.911890665881584,5.596897140351072
926,0.8438394709501352,18.954139969790177,-4.736395776690524
927,4.277567560642724,16.931052748819447,5.794778123522502
928,-9.093464051391793,20.648722696106617,-3.7305810106825095
929,-3.2013255592949137,15.808174354185939,-10.362895181057421
930,4.669709774714321,8.102319065955465,5.38527554195283
931,5.941231415300159,12.429819990248127,-1.4899103421954938
932,12.541259956515024,13.87726594817232,0.13725217831930206
933,1.939375746514602,1.7221082150673905,13.734220238649787
934,-9.242876383409358,11.443788490825026,-2.2331774777503424
935,6.312016987597394,14.879467027767891,0.28860978048393665
936,3.9815904526953614,3.4266280810215046,6.058757074366861
937,0.9660731536616974,16.400481389618875,-4.808321135838442
938,9.530127384403203,12.333052113877962,9.476342219302632
939,5.27388087981662,19.882323600541103,-2.4747018628652255
940,-7.679052911027687,0.8996156377127995,-6.582586078008378
941,3.853801581409913,5.5951531838177555,6.229631678316856
942,-8.660844643088689,12.56082498693448,-4.838921936738535
943,-1.7039987300438861,6.168972525833745,-10.979649615390095
944,12.447458471479036,15.025968530372708,-0.4920349686864343
945,6.33108425696113,15.825768831131288,2.3885421508466185
946,0.5868262263356443,2.1878276169209028,-4.977672891816179
947,5.761347974640107,10.701408310976204,-1.7784883046144886
948,10.697819427299505,10.792987036715495,7.559538716592738
949,11.984710438740112,7.988678949065193,4.825975140733158
950,-6.145912934199544,19.505346433792933,-8.134991533199223
951,-6.075670260074816,17.43105350357511,-8.310148178380942
952,-0.14549061811186215,14.56872282961417,-10.937437884247679
953,6.458419104438349,15.104954767814728,0.42527165918322485
954,9.54652653492032,9.569513179166979,9.030473496757004
955,-6.087303298449169,19.388943618870865,5.824693314161643
956,-3.918161200326523,14.499205075630059,7.296216906844784
957,-9.287875987167071,15.287903835862307,-1.7920104804088814
958,2.170787449895139,17.99240645201952,-4.67417795137587
959,6.255261960090506,5.837738423275587,-0.12410131480438187
960,7.080698324684768,16.864790945756805,-9.092885781213662
961,3.818859016074617,4.155249088019516,-3.926709013335656
962,-5.962619854252098,7.217771194316412,-8.588078135588743
963,5.119375092424862,7.036372302486811,4.858839385972526
964,-4.23223112322565,20.563810426911964,7.124376511764354
965,3.131644381412391,17.91109923154058,6.826922142865348
966,-1.6646581233881779,14.745603804749543,7.885042551901589
967,5.474993601660432,15.421225450358634,-10.15080731814665
968,2.4049443478130645,11.725719203870721,7.1679251301764
969,-8.233767689396734,20.006085023606285,-5.799610740223191
970,-8.785836046947997,10.571243573878371,1.9641719857609374
971,-0.3831082666776272,7.90925640836498,-10.981187984590829
972,7.760019445556681,3.2782366150543556,11.239967179325372
973,6.7362277890092255,16.540514787499397,-9.474169266260196
974,6.0529419693395035,15.368581821310732,3.019479488502183
975,1.5572644560833446,8.258316130923134,-4.76350989944894
976,4.5874005341241615,0.5325424471937998,5.8152011429787365
977,-6.458209380638086,17.538723941274707,-8.212483297736973
978,2.3826054708553777,0.12506170143437512,-4.610740236891951
979,-9.390616254960314,14.886685868119153,0.23068733123111443
980,-6.288559208021361,20.31828090683878,-8.118326344348343
981,0.02165623347279337,9.195270771058315,7.700556720458963
982,9.964764214884553,5.0300217794262565,-6.612620256688848
983,4.886980646850046,14.753865375717933,-3.1294672542099313
984,3.689548386539525,17.155098099453273,-4.190656733514911
985,6.380104296474569,11.473379796652543,-9.828110240798608
986,-9.342649884257828,20.37607323153068,0.3520570775895885
987,2.1265520150299055,1.1441175883682158,-10.85778450752689
988,-7.463160312748721,10.578696191269607,5.075311347817052
989,5.1788884032435645,15.093897799923203,4.8655284737780775
990,12.311107913882203,18.07827199298041,-1.4960055412201607
991,11.574820871772143,3.6166066093716465,-3.8221279889254793
992,2.964416132835696,16.825833202777122,-10.925009440496849
993,3.9618923774915413,11.796067766172758,6.147098458284532
994,-6.6655496378083665,8.23925540772012,-7.776711559225616
995,-2.0814349503317877,2.6887126292006944,7.790260503727571
996,4.162085418862109,18.084138159922787,-3.7763851753344393
997,9.486690311555341,3.3751965496463345,9.595475854004038
998,5.744241098985264,6.550393588810728,-1.7048133212822476
999,6.2306120256914,6.075102401969529,12.210484689182877
1000,-7.833893221259243,18.207892811844044,4.240250825743293
1001,6.294694738096158,14.136000557550851,1.1617482096261986
1002,-9.055469680399014,16.57384712828524,-3.8540475678270223
1003,12.049636761085099,5.274168531328228,4.705284005519339
1004,6.775670983961219,13.209508530355771,-9.37849107160244
1005,11.897264243980219,11.881545732355356,-2.995163413963587
1006,-0.9943224333997936,17.33618608487073,-10.893348747682444
1007,2.642697892217208,19.18577205927596,-11.088018343556032
1008,12.6534165486976,0.19411623707466447,2.1932153140812325
1009,4.981901013639305,14.268013084829027,5.1549599804791795
1010,-9.30347137166988,1.0731520149945264,1.0001387627726417
1011,6.017391119858462,11.509836484930341,3.2669562989076315
1012,1.5547380930552703,6.084128579866907,13.91498671040242
1013,6.6934236901099045,6.353908704290322,11.707434162796151
1014,1.829910917381491,7.425378286849052,-4.610618882228726
1015,4.025420109008423,13.008992488559402,-10.580597334956046
1016,8.603254310334403,6.88299993470365,10.15623864899448
1017,6.341702421424281,15.420428269868527,0.7913410178284082
1018,-8.02184406201828,8.468744316363471,-5.901717171901234
1019,9.53652513161916,1.4197147236646601,9.487938725855354
1020,1.6133798540868887,16.337940597824836,-4.6241309560313875
1021,3.406764801805251,6.160064853223107,-10.738978834709785
1022,2.465749994336852,9.175775890223127,7.061527408340324
1023,8.804377075865368,14.49073713607713,9.834228002901527
1024,3.6841429057388044,6.951034829878784,13.381525182337608
1025,6.741071052142411,1.0153804901306862,11.776629068154337
1026,-8.970432254546722,8.047633725518036,2.2234961474032167
1027,12.322018136594915,19.827310485779787,3.436569787593079
1028,12.63729172893044,13.401542363667716,1.2044322954545275
1029,1.2673560461517734,14.142742279459657,7.706229803746891
1030,12.442273631173501,13.394637305190766,-0.4581242989293026
1031,1.6880442089762744,4.176529862539626,-4.688196980430509
1032,-6.3694153135982665,8.91286866294182,-8.045564310529658
1033,5.729713713485311,15.878035759481369,3.9281089749295854
1034,5.3316509699061685,2.0211927298761365,-2.5029507425056616
1035,3.7353978052205954,5.76752928731801,-4.076203582983146
1036,2.864336563085403,5.898454994110903,-10.82909891756154
1037,-0.7264097971462148,8.801136223103583,7.911365525711094
1038,5.96004517635713,20.572797990469386,-9.755569437186539
1039,3.1881872705474463,1.2744703601977936,-4.28471345504706
1040,1.1438085372278683,10.845065501849144,7.780832500237853
1041,-9.42694635176738,3.736776313353499,-3.342146031726198
1042,11.254068760503852,20.348383015813877,-4.747047789620932
1043,1.081449438323838,2.3241474740654877,7.260147672953576
1044,-4.0872783291736186,8.365906684630534,-9.71362586731368
1045,11.388848327832902,15.724775808208598,6.164430418755279
1046,-4.942306330040781,14.982389188992485,-9.414228831864287
1047,5.613999261638535,8.761094792746949,4.000847371856461
1048,1.0639806858803722,7.435219202137439,-4.85690665821974
1049,12.194803338305535,8.309913400562998,4.446628075055773
1050,0.6927818783445303,5.562720273664596,-4.970413180345111
1051,11.898229752146237,4.305664316853105,4.816697928799351
1052,-9.45169150853415,10.077858784611294,-2.577781936763785
1053,7.342067416651091,5.737594111780369,11.44952653883463
1054,11.543691854026696,6.049283615899919,-3.8516951943175175
1055,0.35464631705076244,13.744222190643775,14.03631682271036
1056,-1.4932872140559372,20.208825021317686,7.812638782267191
1057,9.701007585510887,12.587021710374964,-7.022979064737519
1058,-5.064951299910327,1.4524307968040824,6.808973492478325
1059,-8.88383141858886,1.5884782457769235,1.889667737256388
1060,-3.881818443982569,19.860221078528447,-10.115619109489243
1061,12.054386626251203,6.216550545202152,4.782866058135813
1062,1.909963469206429,2.070416893093021,13.696808211218668
1063,9.536424734928648,12.699866287450172,-7.043896015049386
1064,-6.094904095394327,13.093396654685327,6.149247753095785
1065,-6.406122016130379,13.609892749878137,5.917343641435875
1066,7.346027873925812,5.8034300399504675,-9.109340999568104
1067,5.278391568928116,0.36939998053984685,4.468240076955443
1068,5.017378530864527,20.232542112556256,-2.954625605056506
1069,-1.418396142249684,5.126152147801107,7.849774433178633
1070,3.1648042848115514,14.23593937091997,6.948927567694175
1071,2.593742699217517,14.922159644711188,7.028047603899663
1072,5.583942525347696,12.746990606217835,4.151966750261008
1073,1.8170416300314771,6.600175554000416,-4.711664429159639
1074,0.9538910326948361,5.656663999553878,-4.99658185583227
1075,1.5577708626189386,12.532630696836865,13.723223655421714
1076,-6.7447184537414895,17.93922610008929,5.445211606354402
1077,-4.009479797130517,19.859230167019692,7.496029186954858
1078,1.2388228273006963,2.320958822719716,-10.95598772156189
1079,6.128427216054518,3.188260608995461,3.2545236834185767
1080,6.1737591897975745,19.844714071266203,12.075130014877836
1081,11.09931410910659,15.391644724361452,-5.033585707794509
1082,4.138637737652036,18.57891448905451,-3.7931961534695566
1083,-6.351701039468355,4.2336329970885895,6.083429222228783
1084,11.895625188766223,12.245379139229238,5.435274912361672
1085,6.717164411652286,14.857186629533459,11.793064879169881
1086,-8.620736181704011,14.375242795739648,2.891213071771862
1087,-5.046069582839492,8.510694831807843,-9.26988766550096
1088,6.132297347623257,0.37307155645925577,-0.11319917105923478
1089,1.184840678655385,12.295188393171564,14.007279044174345
1090,5.861266425709813,5.379362446272902,3.92543116274016
1091,7.037196199753721,9.285913579401189,12.002184214653377
1092,-1.7363750627040448,20.209861970863425,-10.628410705722692
1093,-5.397402340524847,8.322771774198555,-8.911835438806373
1094,-9.455132274055792,17.600050946608835,-1.2442688135087676
1095,5.692013116252275,4.223140895960294,3.7185805688093727
1096,6.239445096193037,14.151857796597707,0.48923001158444
1097,5.958824518747805,20.478513795673095,3.3100383569058938
1098,6.461074293545318,1.919225681056082,1.3413187399670405
1099,10.461642900420767,0.3136952001656678,-5.739026362358224
1100,-1.1202826205169458,8.970717678204041,7.935022105596473
1101,2.7171290433437827,1.844791253728761,-4.527764737819834
1102,3.886437661491313,15.682936113292074,13.289929368220077
1103,11.694799280899813,19.347163119989766,5.918532706274987
1104,8.44212447282058,9.191764425550513,10.62727031553018
1105,0.751868629093391,5.417160734280234,14.054032643925877
1106,6.307403452652717,9.153298905502687,0.42373246542788756
1107,-4.725836192470191,15.13236560556291,6.783615697866085
1108,9.059831198152558,0.20410276214432563,-7.7291585200777995
1109,3.1079735561874924,12.385867453656454,-10.759949489609296
1110,5.918684277615209,12.976002372203096,-0.8467497726622738
1111,12.121009978750473,13.48817099705854,-2.11124856580335
1112,5.933233405791692,5.131861417818986,3.61598656937166
1113,5.842702921410062,14.958872435186052,3.3516875410185696
1114,-9.23819848067093,1.9934034424063172,-3.231449327675206
1115,-6.731163190438357,4.175480219182512,-7.965653709272072
1116,-7.522898562065839,18.318679542872808,-7.013280696509412
1117,4.030661466678561,15.4728573860668,-3.7400010258123504
1118,11.865477869481532,0.2971093326166827,5.282719345385592
1119,4.239853462108837,5.306923046132279,6.040608616434481
1120,5.47637652559404,4.48418332564074,-1.9570951055340264
1121,11.336959330617777,5.566013017652463,6.442844127473065
1122,5.605160032406397,5.204429344207297,12.65170835252696
1123,12.577233653300993,1.3243978146054158,3.409631323365408
1124,11.88107250577654,9.656334611423501,-2.6097593693162864
1125,-1.0541537863897827,15.479390122104911,-10.74417568671211
1126,-8.69068451641304,12.843258543075155,-4.861840256716411
1127,3.9663119356738763,14.070883953321509,-3.8752896286080363
1128,-5.54758334902779,1.6425184034561278,6.598724760773345
1129,-3.027019029430864,19.877285042616982,7.680739446068133
1130,4.595640872635022,17.67821007773157,5.404286324992489
1131,6.028511621700362,17.05177869924269,-9.983309096638944
1132,-9.318257370973557,17.251151713086227,0.17411734421458072
1133,3.8387789727086683,19.56277761431549,-3.963680992731393
1134,5.899304312381989,11.576011544077549,3.5012693465438303
1135,1.5884022842182455,4.256478160541644,-10.935382108310513
1136,3.5494001102992176,12.99607933538347,-3.8720718152699614
1137,12.67522522387548,15.481419716429347,2.223347191753498
1138,-9.521941142828748,15.564138067362476,0.531622645664438
1139,-9.193056746634793,10.857515873453506,1.878937225123845
1140,-6.619049403833822,1.3242310874116434,-7.837699142496831
1141,12.344870359606748,7.758694549356013,-1.0356902094201756
1142,-1.1660208809009052,19.277519505385637,8.019429131115254
1143,1.142975359125491,12.251267135467444,-10.893700621201933
1144,-8.314254211107787,11.16087264491749,-5.880067257008645
1145,4.131772899583745,5.741805432672831,5.790731715353463
1146,11.897466470674766,7.8501959476998,5.39389581863047
1147,11.403656949676696,18.60753362480247,-3.976477077673039
1148,-1.0042586282351378,14.093569778630204,-10.805635133835292
1149,12.49810989914403,16.45407469881683,1.9177260727713117
1150,12.30516631623025,9.626951438119036,4.245705786720371
1151,4.341457668607146,13.228346959312676,-10.584549267589999
1152,12.547017372994445,5.218933340015458,0.4104499457750859
1153,3.235215700211153,14.796167671011089,-10.903852267601378
1154,1.2340954480902382,9.100840928193431,-10.763167881124678
1155,-4.563834366180033,9.169497009857155,-9.455517557621386
1156,8.597846892624638,13.696552849988016,-8.217141698520045
1157,6.148368413520706,19.772026067336416,-0.38476783524441704
1158,11.83050233183768,1.4157672868350804,5.7146284791489625
1159,11.97427147102493,17.5520778757195,4.571570831010219
1160,1.4703934004317176,6.087150642383585,-4.715672636392084
1161,12.479635898218698,9.418039026893288,-0.9669987359443188
1162,5.521206078148894,0.44957084074104603,-2.116259881950333
1163,-0.13443218738302243,6.445308242155841,7.668673680584208
1164,7.754191814290689,10.554487195660604,-8.910749339964562
1165,6.33989608811323,1.1409100461099722,-0.1657436620323025
1166,12.183841374241146,10.44361753743363,-1.628513947183021
1167,12.478015095872378,19.42016701212508,-0.1353126544482071
1168,-9.368021554667362,2.071985004373854,-0.5014410466835242
1169,0.22751253672787455,16.00157060126821,-4.77994064826436
1170,3.2248222847396626,8.664995415554698,6.698374058992041
1171,-4.58609786639905,13.897851880169807,-9.385479829778792
1172,2.42217609145156,5.476081495219468,13.728477259822416
1173,-3.3731485262200183,3.4811572200919265,-10.118271266428177
1174,4.4594176790986495,3.233897407547996,5.62351034383393
1175,-3.1627450024386423,1.4360045120242475,-10.170367328198273
1176,-9.093880995570254,3.8697232912106934,-3.535717170195538
1177,10.609063104057173,13.937151142021081,-5.72329527357347
1178,4.7746032507823575,18.52391228753869,-3.0121568587324195
1179,9.064331533738736,17.165730493153617,-7.583683093888192
1180,-9.030453870581914,14.343339823547117,-3.8566146764815947
1181,4.506015094416582,2.3329720003284686,12.973002386605588
1182,-0.6695842652038354,6.068424083182541,7.89165277586655
1183,-3.272546442886487,6.4133553913827335,-10.121167065377453
1184,8.08597649002843,5.237729205441902,10.818918199464669
1185,4.866511223373593,10.800752900914473,-2.9698044000030492
1186,7.656816532535921,11.230122055972819,11.110404134843618
1187,2.1586585941512793,7.4977814242514595,-11.171421606407367
1188,3.1959707735054548,7.437139687526495,-4.261447831138715
1189,2.262707843111852,17.356438038116977,7.162680080448812
1190,4.1833120992550885,16.702421288110525,-10.49499182973625
1191,3.07675726595797,6.346764402375357,-4.247200547980095
1192,-7.346617901701059,19.117460310491456,-7.004051468315579
1193,-1.1443708145706406,20.287111719474982,7.76583734961401
1194,-4.4106986284731935,6.757794247131935,-9.653064204776852
1195,2.124448010034828,7.307548457183176,-4.630007213513553
1196,11.930245441415062,10.691764896361256,4.631411299142105
1197,3.474319839779012,19.55582507782976,13.67540748170843
1198,4.07427758027472,18.3791807049913,13.348139496261613
1199,8.323416013177651,2.3685097067630347,-8.361047026206151
1200,5.556574241444172,8.0928520164844,-2.0960705738737992
1201,9.071592416049004,11.422598536171337,-7.764095954450328
1202,1.2034774171417966,10.415863803386571,-4.871236229278958
1203,1.049376065406877,4.160960383509445,-4.748791099953179
1204,0.6278707451702092,18.14762986652983,7.755473622174507
1205,-9.236758688051237,14.164497563235733,0.8630601878967639
1206,10.048207308769111,17.664397112287983,-6.735512596835389
1207,1.6810000360818746,18.173075399090113,-10.927861557619085
1208,-7.57128718439327,15.894207568423518,4.38610043073648
1209,3.8372547800721057,9.19878909812608,6.2238558511242505
1210,0.38559005212877406,12.591334683556916,14.14317683264322
1211,-6.767576562606249,3.2855856362736375,5.7574597023631595
1212,-8.019512624945957,14.103873347479537,3.9895764646312437
1213,6.077713205648427,3.7384244908670565,-0.21794534506632435
1214,11.353131893403948,14.554155460612423,-4.425615822919213
1215,2.7244121992605663,4.9334508356264095,-10.86252484115443
1216,5.942473155910855,2.5960201458233776,3.0716193699642407
1217,3.9456311579943155,3.453806927609628,-3.934282276901773
1218,1.5109792442284695,0.1516833272056575,-11.05211218571959
1219,-1.480996242399085,15.129298111587243,-10.946132788537893
1220,4.113484468748866,15.386872627512219,6.0577480834149595
1221,6.138058394421737,10.904254763889446,12.314769847945833
1222,5.992150006141862,3.3958440269868495,-0.8763500063394863
1223,-7.044238113782812,1.960422205434261,5.241747841400471
1224,6.9122992883460315,0.25786717850357127,11.760088077057524
1225,-6.370278890934087,3.429194626360433,5.95929133289466
1226,-2.7928660614437,18.695314344950688,-10.230879557663364
1227,-4.87675850853266,5.116218944781116,6.967293640736054
1228,3.8180479166477532,7.566493920271838,6.0473591006424945
1229,2.0353640703811697,2.2098153173843813,13.99001138887844
1230,-5.770426057289491,4.527364434760955,6.501137147201095
1231,11.057165635212336,10.987967376029808,7.061235208948018
1232,5.750217025971971,12.8383022216229,3.7391676882119707
1233,6.138850418219793,4.958212731552491,2.8880813574579034
1234,1.5298713952306262,1.2119949303603814,-4.80357369307241
1235,-1.4969206366183836,8.052676068607342,-10.588506467512913
1236,-2.718836156986364,4.851805679702811,7.704913798962264
1237,12.396936202355075,4.52035149512956,3.6228549489349975
1238,-9.017215271878024,20.23804532680676,2.380967786954127
1239,3.996121145960789,12.953993221857424,13.312839182026648
1240,6.262718431423756,11.565888206538412,1.1591961525876266
1241,12.300072963374971,8.819283770285494,4.279156444089867
1242,10.446386563858665,8.864450419640187,-6.1351855393827455
1243,10.013751295110916,11.392016459646792,-6.623010014911552
1244,12.707750911513612,14.543624880829096,1.4815624264804002
1245,9.142206960028725,14.708500311565366,-7.424441184509664
1246,-3.9140343213821427,3.6559991366182794,-9.86940049686696
1247,5.608363510781017,10.55451273351512,-1.814219358748749
1248,1.5992701072573836,8.784816903071738,-5.021442218292762
1249,9.077072218992281,18.272840921689923,10.039892288505612
1250,-4.817817705291805,13.290442431882237,-9.546973630805141
1251,11.546199328093874,11.138811662495186,-4.215958910781878
1252,-9.023093528236377,2.4414864740195448,1.5987540832089029
1253,5.132909930887041,12.762344280592492,-2.624570615978784
1254,5.441549880857197,2.4514510345394642,-2.144684806174775
1255,1.8738544889322724,6.900963038471543,-11.10269835183606
1256,-7.19329133411687,3.0328283507340585,5.380004945183227
1257,6.289030381110983,14.570002735247293,2.013426645878797
1258,-9.255358108158404,4.263277042924409,0.7690907190500503
1259,3.051301798170081,8.100608133341295,-4.379699521872155
1260,-7.497522706332772,18.95675824504475,-7.108168737467628
1261,4.095349892733177,4.339788602467816,5.900433544514648
1262,11.318825448151012,10.64099824004219,-4.0965781863101505
1263,1.7775985457514025,8.691001596171713,7.487913699684717
1264,-8.321399364388926,0.2984233791181898,3.7820950092610253
1265,0.6525856907012315,16.77817942470769,-4.852847770693503
1266,3.4987571912094317,1.463730226693399,-4.27252416198413
1267,-4.540843114479018,9.904296733815956,7.198905477268445
1268,-9.184395539718546,11.825213116840413,1.7325778372334628
1269,-6.05717241163899,13.115515770161696,-8.305572937820079
1270,2.7711276523765607,14.611348518493426,6.8026009055198555
1271,2.9802479661061776,5.454000107466689,-11.041720120147891
1272,12.364155302794027,0.16289690270715917,3.148939046153808
1273,10.383996750969434,15.129449884750064,-5.9025372281270565
1274,1.632156847445088,10.986975266429923,-4.743219910874985
1275,-9.062876979388678,17.410313690197086,1.6245274214127663
1276,4.706999149621408,17.115208643418804,-3.059195088720648
1277,5.246443562761473,17.723368557644285,4.532105270729696
1278,1.8262222494505458,10.154364489126207,13.915960280120945
1279,6.016274718156343,6.871662763832655,-1.3517963286796426
1280,-9.441036650519331,16.59460585017231,0.11814526662418601
1281,-4.6861356223675665,9.527710088379088,-9.458385805070687
1282,3.801524739105273,3.905070059463683,-10.642969720612797
1283,-8.585629590066818,17.764487382705074,-5.40289364641438
1284,0.4641252530469324,18.52093106417091,-4.644178154937743
1285,0.5593224309406503,9.654170801246412,7.7492291794099115
1286,-9.390356541826193,1.6798671432195642,-1.7248566301509147
1287,3.887813349201491,8.222762529890906,-3.728020026723837
1288,-1.3770303375788733,16.784488126082227,7.825601257650017
1289,1.4592161770470717,18.860650079230762,-4.714733086692208
1290,3.689217685194773,4.226800887399682,-3.8037379469016215
1291,-4.720281589131273,1.1811665130575681,6.901393477349465
1292,5.810194767129038,18.45795633313367,-1.8424735408482682
1293,-8.140287738923874,8.150219263922367,-6.156317158756831
1294,2.3405265339994825,11.473997757875614,-10.907261245524142
1295,11.793538143444072,20.219541131269683,-3.8119021067392325
1296,6.302558217791742,1.3359469913736866,1.9855302970351385
1297,6.417454282146099,13.464025630690095,-0.06175340764007272
1298,4.77845331573493,1.4557848177227832,-3.0744428253965053
1299,-3.126784680518742,7.7666492981896855,-10.177910085737167
1300,4.033512955971551,16.979702816947025,-10.577447797173972
1301,1.314380238825552,9.033090702993182,-4.876160066309351
1302,7.722433040803837,20.95324700043642,11.3216119711013
1303,2.566316560226397,11.702168643492465,-4.665564981525205
1304,-8.895058335551244,6.617458678753742,-3.940184290323274
1305,4.51708631542054,4.605507801682651,-10.451752097619986
1306,12.232995342105841,7.420841553195758,4.377239143463075
1307,4.887389935305882,7.702422809696232,-10.2197583597107
1308,11.612589397986081,1.5238985112763184,-3.6387588369953745
1309,-0.3708453434360679,7.676086095814466,7.958859377642082
1310,12.245650306952934,9.70071052191644,-2.0105022917383715
1311,3.7577858181998955,15.230561109315902,-4.102434575839787
1312,11.038579739952333,13.72497556343182,7.141774208106441
1313,-8.864316952742202,14.887836245745826,-4.289206274056231
1314,12.402103551545933,0.14416823653518981,-1.7154454321041572
1315,-7.954745460125314,4.5839521918616395,3.8332122807970888
1316,-2.2724876970797308,13.657296145844636,-10.583234818944389
1317,-9.291079335813736,9.980808550253881,-2.3345956327293997
1318,6.718848923278632,0.17317968963994868,-9.559211409340966
1319,3.7673301943893356,16.998105631633173,-3.922643063317912
1320,2.9202426571730546,16.13795236874393,-4.6047985789028925
1321,4.973548344480109,11.492399587647702,5.062600880592035
1322,6.307453293053439,1.4252017665919448,-0.5516993016088072
1323,11.969632535975782,16.166137800350146,4.5511365680907
1324,5.9925935444202,12.055217615191557,3.2181939027439173
1325,3.052236047669169,16.332555495619307,13.742674993636845
1326,-0.20943906970925472,15.753428902327661,7.750627007615149
1327,6.357371407063506,16.933357530838183,1.1312578351157099
1328,10.982181870425942,11.12801244286927,-4.783342036397289
1329,-0.7763220786445953,2.924014309382843,-10.848145459427101
1330,-9.464204880957672,13.953609194763063,0.061507835698843175
1331,-8.534850697250157,13.070176293811512,-4.900573443588964
1332,5.459913897193004,15.7194165101349,-10.183091135722673
1333,5.7734809714522335,3.5783025391633916,3.9025590562700745
1334,0.39142008896263314,4.003814343390644,13.997091397466386
1335,3.2122045553189364,18.794399255753902,13.497884154027405
1336,-1.7089815156857426,15.81588832934333,-10.76876927685781
1337,6.364743925956276,18.97019017828722,1.9115482571441973
1338,1.5856040169999375,15.971164306195769,-10.958521408300186
1339,3.3123681651541106,12.639987982562227,-4.138241834022443
1340,1.532506548505577,13.854976481841236,-4.673127009430898
1341,4.453936713317647,18.665041505209263,5.2235337969989715
1342,-8.634800205880888,12.119133900132818,3.2367008503858083
1343,12.106914281339334,13.402945193104262,4.420680209380815
1344,6.108182068371299,3.1649949857775237,-9.781035016919747
1345,7.535044211941039,9.996203551530257,-8.641563901239389
1346,-6.617661089419265,14.907336688383635,5.607639124813631
1347,-0.9660884284516194,5.796334291869634,7.7793435637149795
1348,-2.8183610721325945,4.221533239454118,7.665859185908734
1349,1.697383330623917,6.717221296277474,14.030710814840305
1350,1.9053360114601867,5.120654463485055,-4.814829479170253
1351,12.305396260966047,4.39084335475812,3.9634401576991687
1352,-7.504149606302873,9.064330473437549,-6.80688364410922
1353,-7.52533954943625,19.21973331819699,4.837420527002287
1354,6.163373005919784,10.736481230773006,-9.772958725229808
1355,-9.284745429471212,3.8701692106181613,1.1890759067056171
1356,11.937619660120294,1.5858036615626148,4.823239823639053
1357,10.610725629728783,14.633821769637006,7.786779225578646
1358,-6.519456554128089,7.9684030132310015,5.866356403430787
1359,3.6755933746310245,17.427684535538866,6.2147772619792425
1360,-6.601185417073886,13.864158788628776,-7.742575802903464
1361,9.821185241823189,16.450735656658004,8.959635714498392
1362,6.04046370832902,5.744802409063046,2.81122620546746
1363,-4.285617931434203,14.50472163200049,-9.722023309972327
1364,-3.357170651458899,5.5378090229562495,-10.0660495059923
1365,6.861234954877089,19.68357613187755,-9.46590721618563
1366,5.837169874571968,13.44456455386153,-2.034933424470402
1367,5.23907884353331,6.926716581537522,-10.42535996174587
1368,10.155430705323493,5.688054424363591,8.585375143610948
1369,6.218932910078472,3.975527167790698,0.7514919381832946
1370,5.53350934036528,14.583326416287367,4.326851334327188
1371,3.688192036053099,4.594987834614236,13.467697662000774
1372,6.30467377086771,12.421125580490786,0.8184137888302827
1373,12.531155584724742,5.615228430289628,2.427856378417856
1374,-9.23272016485268,13.947352073057287,0.5357614749509042
1375,5.158118246300267,17.267778423328988,4.896160665519164
1376,12.036171429905767,16.464065084066565,4.60027828749504
1377,-7.67731342200165,15.909310457787402,4.518536319487611
1378,-9.535074770663032,4.02420035698819,-1.2603445156749604
1379,-1.9355181074845296,1.7609885483654457,7.921868158753772
1380,-6.624892545473387,14.747518608329184,-7.743434506575881
1381,6.2289354557175685,7.683630069805367,-0.15199622281999423
1382,-4.271891307184647,8.976945432132736,7.249384478377974
1383,3.8332962663634977,0.6821354829309528,13.245314344675315
1384,4.845209370983796,5.183648721960619,5.288325871859508
1385,-1.2009156410402841,0.5321069239232217,-10.922662195346128
1386,0.536538425135876,18.44515203624877,7.753423222487249
1387,10.17927929400247,5.1195745242526245,-6.411665625946588
1388,5.669156097317878,11.66714868401735,-1.7753225048687615
1389,3.8771738005453855,0.6606221040119787,13.304286266054588
1390,-8.155841305650991,13.922006033204969,3.9103153187392303
1391,5.547049091553977,6.822695193559711,4.176392111677508
1392,3.4286305074844883,18.914481103173816,-4.190541699361102
1393,6.448958898133711,18.64885965585516,0.05097782653009944
1394,-9.360783821654454,6.946786363700403,-1.8550636462544934
1395,-0.18550870672597894,18.95991851184575,7.936549183248582
1396,12.41680161608355,20.844565578078534,-0.5243640663717053
1397,-6.985027712622787,17.305678741261747,5.4134030579973444
1398,5.019723751744712,17.602011687139022,4.946971982319417
1399,-4.838215296431989,5.218369559251746,-9.43796667944293
1400,4.233936370486061,12.221960437935016,-10.355714835218816
1401,6.232917981817337,1.4809032017858217,0.012842999300441419
1402,6.357449696642481,2.133477605846976,0.17278766254582675
1403,1.6065338128865951,20.946456328319204,-4.799027479681486
1404,7.2910078658145645,6.994034217395556,-9.15435554323839
1405,-0.38547562365446725,15.692531730380976,-10.871807277188376
1406,-8.902434245526152,17.087124621820134,2.196263712108143
1407,12.681672123149287,18.0163030164076,1.0562317399080392
1408,11.832715312685124,21.020917382825715,-3.1702719050053094
1409,-7.008827491452549,5.21893742682521,-7.246562566340716
1410,12.079910983787816,0.8280246011955733,4.222738795356581
1411,6.349318308270806,8.656860776640723,2.4453012076044307
1412,5.017790175133202,2.860580408928516,-3.0176871095091875
1413,4.032264245502923,0.4576433560101512,5.918552176156339
1414,2.6606391349671887,7.436874141720592,-4.467501583450959
1415,-9.221311646975323,16.672803978038456,-2.773051767739477
1416,7.558423108726784,11.842818069292774,11.315505646724086
1417,1.7670356670227825,6.584213378511189,-4.752206958234316
1418,5.331662480408249,13.856782782292226,-2.3498835669339
1419,-8.196540915270775,4.811532396111906,3.909282502447448
1420,8.069437954922051,0.2012235761915725,10.87473382046956
1421,1.18321256593992,16.076794844842457,7.3659303750324305
1422,-9.387743030366892,12.919297142352953,-0.6036892528075853
1423,1.970071332407195,15.979564506833368,-4.69999993013981
1424,5.921145659483487,0.8422022168725184,-1.111828855058322
1425,1.7602558856214006,17.55251699476118,13.738153699289061
1426,4.536570249911464,12.855705106443795,13.131911904183806
1427,0.20266195471221812,11.990720160585843,-4.780382233706458
1428,6.12218891101654,13.12724882580008,12.351623836786247
1429,-2.6539290148418044,18.29621339601182,-10.18975511732916
1430,12.305374419181511,12.299663012719005,3.914162778631543
1431,-8.237861398520318,12.11195677948269,3.653029092506065
1432,-9.57653452294689,20.831180390406598,-1.4228221566167116
1433,-9.329574960605362,15.869754795807106,1.1233480724154061
1434,0.040104060244796,9.170393768674705,-11.161057770234983
1435,5.888791755044624,15.002315426570231,-1.3248428815337847
1436,1.1751769548363205,8.111612883238159,-4.783316122693682
1437,1.8049093125472144,4.622358073673922,7.3877576831143665
1438,3.9971352018932174,12.666706020038681,-10.652722858077949
1439,6.226641608794858,19.44139425881172,2.110040470395503
1440,0.8338577826479285,19.451147531063157,-10.932051977756055
1441,3.9182342720983345,7.0034720815122995,13.193458926125142
1442,4.462893893782082,11.255320939315295,-3.510250681906544
1443,0.5963067474196047,4.315405811246117,-11.07264542078717
1444,-7.579970105515587,20.914098247547116,4.421409206487034
1445,12.370246658258276,20.694738097480695,4.413354163871629
1446,6.482031702362119,13.681859217156703,0.6714270161735251
1447,2.613473648439411,16.88672982202772,-10.844169731136493
1448,12.573265850126768,14.846936801128958,0.681968689243473
1449,6.754192136741026,12.375350116252104,11.659824254921006
1450,1.7846030783656126,1.139087970571104,-10.840721982175136
1451,-9.326183893728334,9.471333786607184,-0.000678642743884017
1452,-4.76214738369281,14.190848291515499,-9.516678611660156
1453,12.19013035869415,14.296338232438892,4.198859387924027
1454,-8.13919011228891,7.931825275450065,-6.171934193327762
1455,1.5563116710004097,19.652913784037374,-4.773305885819839
1456,8.119046207549555,3.7341622824702965,10.713124755362422
1457,2.40237177402608,10.584296304982187,-10.953026648620087
1458,0.9965948388046316,14.50839209220037,-11.138465092262035
1459,6.152865359435795,14.748805582035658,2.856184428476936
1460,-1.084026651208784,13.857958869345124,-10.820229377820967
1461,-4.551265357903181,5.637180472383377,7.15970594169973
1462,-1.5832702072720617,3.257811678169926,-10.577082735708753
1463,4.779535886118643,13.116903697373596,-3.1456752228809717
1464,-0.7335855865316487,12.604609592192995,-10.805460878798677
1465,-0.0106488957795276,3.8030156402665742,14.103055036450534
1466,2.344941384433993,14.804005845437555,-4.523455971358345
1467,3.0076007382689847,9.493158469306954,13.703318411976099
1468,-5.337132964344846,13.818020972047378,6.594603296367746
1469,12.057182036469364,17.62206204351434,4.428422909579831
1470,10.646138719072715,3.709840448506919,-5.486907152357857
1471,-8.006664533114076,0.34294038236022706,-5.8730821385376775
1472,7.350376371969795,16.405160307213837,-9.169737172895434
1473,11.677442912317694,12.64683149686293,5.234027011296895
1474,-5.327767510083023,14.738152268433808,6.664394653380421
1475,0.5011921571981721,17.561916244987028,7.932408561494179
1476,0.17988814850273688,16.78278783625422,-10.889239963190466
1477,11.9043175382084,20.103286721383704,-3.0437429942045253
1478,9.036365071395233,11.215275497691183,-7.500890525706427
1479,11.604920776324306,10.296651617427266,-3.8911932540319913
1480,-7.363967057830258,8.30841487758578,4.91690296581586
1481,12.086283581975387,3.18780036657151,-1.756928780490867
1482,5.010675964256882,12.020604712722555,-2.540002937314217
1483,-8.909928645499804,5.707359088392368,-3.8460270285505658
1484,0.27144108488065805,19.527124276639984,-4.836686753804911
1485,0.6174198948292532,12.161657341812916,7.859478304251904
1486,-2.369574587502811,12.382700099306964,7.789875009138718
1487,-4.651178203701339,7.355587083434961,7.032957742138097
1488,3.182515976131707,1.271624400245669,-11.051515161469842
1489,-4.30387425468734,0.7219095956927092,7.045225046785298
1490,-7.919565299813885,8.796378826592784,4.134953681724022
1491,5.295425225379193,1.886496095927992,4.330400179505578
1492,-3.0467967436797045,12.76385593577181,7.542056726727751
1493,5.741496835077435,18.526158460543957,3.596706143045133
1494,3.5007879329910194,18.50676342601792,-4.110809573082121
1495,-5.831627516076077,13.765012014081183,-8.551497283697243
1496,0.22277433355911386,4.469645070837011,-11.02275140734214
1497,-4.467835910900678,18.068424735536755,-9.447074337426109
1498,-8.333028797764136,18.789637704534883,2.945618517494494
1499,-3.546845471458648,4.002796173487822,7.474151093753288
1500,12.24481290341254,15.639563478469716,3.7496138814033153
1501,-9.425108275753812,6.005778642589802,-1.7111818008282556
1502,-9.13173337651829,16.885355132813633,1.8117386868816967
1503,1.3338273334943995,21.025311674638598,-4.579497502664948
1504,-0.6191844961471554,0.5675211824168055,7.766592626484065
1505,-3.6025056422776047,18.931108020079435,7.57924522257784
1506,-4.950038008793015,12.804486820033702,7.0745695096223855
1507,-7.338008205358108,20.36903604913905,-7.013485519994784
1508,-9.272799773003976,9.672793587320873,-2.9478154648596777
1509,-5.555859905278067,17.669795940761674,-8.979173012735952
1510,9.69189006249842,1.2887799567559266,-7.236913636185852
1511,12.06213239428874,7.07943504846238,-2.320080633909171
1512,5.3555270057056275,1.47761329262534,-10.076875119013733
1513,5.648601591493816,20.50629347878052,12.642423005810992
1514,0.6720380989135658,17.089882706219214,-4.6553299422024885
1515,6.360304948927263,17.940397489947898,1.7699479963469746
1516,0.2351728226830725,19.709698429596862,-4.65215938548945
1517,-1.8632331092405996,1.8807788253090942,-10.672491636035884
1518,10.705356395664094,8.17524311307315,7.635758090577747
1519,5.318910915426794,1.4947803113161073,4.662038767469225
1520,8.64762512880243,4.336929831934476,10.43723489067477
1521,2.9267477395137083,4.751386302207911,-4.408890356414464
1522,7.857447703351703,9.79627249603535,10.85881732006745
1523,-1.3998165687972084,5.608278883134869,7.794996027953421
1524,4.572277442080954,2.1473452859319586,-3.2597599980809306
1525,-9.062268522607068,3.5888303099890675,1.0648501663867898
1526,4.641280873119138,3.0876749652923716,5.438134377881715
1527,3.1585897046791533,20.43622523494831,6.726189576055445
1528,1.9153769306578932,15.959473275787946,7.413198003702078
1529,11.703516581749724,20.271400239347567,-3.5724840127218456
1530,-9.229325881465705,9.142010990901785,-3.3952543639636077
1531,1.4315541075609624,5.670194325184718,7.68595660501534
1532,-5.346868936237504,16.694642205585232,-9.009368897244293
1533,5.145618210200533,6.898646824190861,-10.186803672996227
1534,3.967113214569391,6.216759704008358,6.142187270080858
1535,-5.811569526641485,4.858845132621861,6.317456222399207
1536,5.399527071811038,2.769901671450174,-2.4128460907751195
1537,6.340883837397487,5.437793230994353,0.8700864270803332
1538,1.491636322576187,7.353761432735038,-10.938112784034704
1539,6.411281301024606,14.253584306705703,1.1258029106469523
1540,-9.264235819929004,1.4265966955440317,-2.4100058044396304
1541,4.443944282175249,4.307660747250346,-10.508444011781023
1542,4.788436374572951,16.90711275916109,-3.173228163937635
1543,-8.201210688261908,3.204469463573805,-5.8028392845366925
1544,4.5761560028753925,7.180862724847422,5.285226036296837
1545,4.786725344781349,17.935859564275756,12.810332518271343
1546,-9.100659430223752,3.113463383539027,1.4955959022483591
1547,11.960037480060231,1.7125365854647396,-2.9622984693128496
1548,-8.82256935973199,10.058993631651767,-4.446127124612433
1549,2.1782111901768313,6.30946735978562,-4.678319927262908
1550,-3.36603416840764,11.834815275529294,-10.1104097922149
1551,6.143990874846131,17.02612816055645,12.410768655440746
1552,-5.978225824482107,2.851072859584827,-8.578728740781195
1553,12.261915533784563,12.30193495559726,-1.6637131646209524
1554,11.634049166327632,10.75855998439082,5.972870098341068
1555,5.785252294387217,3.1690854732123985,3.636885921263283
1556,6.142119402408943,13.132443655447187,2.7505617163127374
1557,-5.2383634613617245,5.550119860292307,-8.950735299446675
1558,-5.744134374336489,10.29060317596465,6.441953769935652
1559,12.842839928865695,1.8325587985996534,0.8408680007633748
1560,10.791639238532737,9.643158490942541,7.772745575481775
1561,-1.4414384550548438,6.6101912159067515,7.951916918222117
1562,5.490491493905237,17.355988791039184,4.187020383731851
1563,10.705237421672791,1.2533806046600122,-5.792624579369347
1564,3.8786555933941758,8.899390844405513,6.238513141811741
1565,12.404410696887906,9.660396891886286,-1.2294107634677507
1566,-6.582768622590792,14.975846552341958,5.764454296506649
1567,0.0835066461671141,12.010125181747394,-11.01735084005479
1568,4.080997550280559,14.131175883802587,-3.524952303977894
1569,-4.137338090674413,16.23727586467705,-9.425928473943245
1570,-8.108087039014432,18.08391519629827,4.029349905860019
1571,-6.855303813919679,6.486901799781573,-7.4202379179146964
1572,6.297312242822861,11.476869072162138,0.056636481792085205
1573,7.043884058054678,17.810418892965,-9.242202791613996
1574,12.34703468498965,20.690086860752114,3.507915386910675
1575,5.912122824224872,18.694635331957933,3.1001880867571447
1576,4.452591051115527,7.732763110335508,-3.668866207179681
1577,1.119522123882247,4.159991325494796,-4.970144142498366
1578,-2.3866708274409434,10.328211593262596,-10.5363135589349
1579,-5.634436856037242,15.655641045718214,-8.81154888970067
1580,-8.921401666154793,10.377142330590038,-4.2267798493947595
1581,5.496950156611889,10.440338750225886,4.129353718571298
1582,-4.2656191573134095,17.500046466216737,7.042299525060894
1583,-6.437266609191611,7.418419024967262,-8.093498566544413
1584,-9.340364754893095,18.016379150974412,0.4382247720621182
1585,1.610799742475937,8.386101993430167,13.942350280217509
1586,5.798018038985791,6.743648992244529,-1.597303899325086
1587,3.1474918297775067,9.433656669773884,-10.655563653924764
1588,-5.31463889242678,15.919167241629074,6.616307671172255
1589,-6.806500770592989,2.550580774948874,5.468338213081263
1590,5.1907207555153,4.176625428356906,-10.205955726859484
1591,2.6159190742772735,19.929722432816398,-11.1040722328357
1592,1.1667276922550711,3.667372717521257,13.976017785549658
1593,5.651740550875955,12.01169695400224,-2.002157142648946
1594,4.706726222267399,12.088971547422553,-3.1116788478016923
1595,5.944156113601472,10.255659113184668,-9.814189677268104
1596,-7.55451614375775,13.576226218722482,-6.881547570519295
1597,3.8079191414198075,4.632204461687964,6.125150548630709
1598,3.7458994821256137,11.367417072416654,-3.8742955535121473
1599,3.837869217919078,7.850250093064612,-3.8662959944470847
1600,11.165245874244812,13.944213880269661,7.159575506173707
1601,6.271096230470159,3.1721164243213797,1.5505479077083322
1602,0.7996961368310783,12.004235241215682,7.872088901431229
1603,5.6557984444465506,3.9726514347756074,3.766231948226641
1604,-1.5669317698274328,5.8319570610571665,7.761255650909244
1605,3.3334035721649435,4.622628528953756,-4.377073627858888
1606,-9.41144840019043,4.006319061420113,-1.6581271200179035
1607,3.0834438012048686,17.127530700961444,-4.30616540241238
1608,11.693354950558222,6.0412205466358655,-3.7935123268140147
1609,5.4615617109509245,19.68315809216117,4.186084979711483
1610,-9.138429898409301,20.396660454169943,-3.5905906187870777
1611,11.867840296625381,12.16152716500233,5.552101890492448
1612,-1.5284927540057822,2.9401023610273103,-10.648903632259993
1613,-9.267985264035389,7.8623083615548355,-3.0131240697489132
1614,0.5607024418172732,16.755730000551353,7.898084509507741
1615,0.08908137724392157,7.493446194702603,7.772015010168841
1616,0.29487904078614985,1.7105438015735435,-10.952568473210674
1617,0.5453915743072847,11.582795621553549,14.203838976777572
1618,-0.41977059840888864,17.829744489219983,-11.07647424422287
1619,-8.529594851696775,16.801669440581957,-5.199191675584835
1620,6.69832064566768,3.7099895870080712,-9.438612635495648
1621,-8.721616266680751,14.210467192347371,3.045668734959601
1622,2.517052907239053,4.614174590876411,-4.470741164518485
1623,-8.307328265182742,4.702551392549571,-5.619835670851511
1624,5.370961836775163,18.356386083672096,12.752296010332529
1625,6.174441635589285,5.248834412287509,0.6358279697881395
1626,2.349247046815492,5.501635013551994,-11.061779092039176
1627,6.540131384297575,0.08216625375093344,1.976227345231976
1628,-9.241719746982023,18.241929834974577,-3.2116521624369807
1629,4.516884403778556,16.742134215111637,-3.383363426576276
1630,-8.060009986680335,13.060692722832638,4.0085763888518
1631,8.634339175501752,15.645689417242869,-7.803421773313747
1632,-1.0857588229018509,3.2617625914269786,7.845344365304887
1633,-0.20814474992054116,9.615941064880783,-11.189001976163507
1634,11.399354539361576,7.330217992709086,-4.309607275638301
1635,8.512392119667519,2.0583128246448923,10.411553260790601
1636,5.577306247586559,10.148014048104798,4.110927483207229
1637,-4.952679621773772,19.315512531765307,6.773226443649975
1638,5.967099062157211,0.9811642950717,-1.004935111541891
1639,1.0442623386857568,6.2745934179507366,13.979635617222478
1640,8.345192079566262,4.515599481346805,10.479486104186508
1641,-9.319571564508864,4.972867149286232,-3.4788210569493
1642,12.67978885275859,19.200195879965328,1.154714914308374
1643,-9.38449861914745,9.734554856143225,-1.969894218302416
1644,-4.1882287728599055,9.701597384263989,-9.843950201001874
1645,3.9949054149411602,15.737042906298493,-3.656426109093379
1646,8.699786190685664,3.411623104293295,-7.876334774650364
1647,5.49555761426462,10.146174451193458,-2.0834557931745006
1648,12.309012549570951,9.017036238567547,-1.056563823687083
1649,10.623684080232382,12.44409206728695,-5.704198220841968
1650,4.465592897076459,21.060228293092223,-10.510962194828352
1651,1.8317325613690056,16.120863409651257,-4.713843349004652
1652,2.083864015359466,8.224698074322676,7.341394687580298
1653,4.495593042400982,17.422780354173593,5.688167733537071
1654,-2.2175269450608357,3.4415026270810607,7.882391144689146
1655,4.137972826754545,0.5559968399566135,-3.7455102079516958
1656,7.501139533748547,4.082726910287127,11.29056771224633
1657,-8.651383604234328,7.0062468671796925,-4.791835966003028
1658,1.9423092692604556,10.740048823622805,7.339195291613705
1659,-4.640455205790502,12.721258347554905,6.951048442796227
1660,-7.932006229321917,18.974605489040684,4.269263450383603
1661,-5.987150030261899,10.706697308946332,-8.377378971528053
1662,-9.496173644345406,10.47242784753101,-1.3826948066997289
1663,9.197398875835313,1.2543068698785556,9.737190029040741
1664,-9.410697299063289,0.9165322603831376,0.40313946519727595
1665,0.953887552257443,11.487566953968699,14.05138132166823
1666,12.550765543401358,9.257464640055582,2.096351606568203
1667,6.158715081512956,17.697716550274215,2.654048492462419
1668,8.22808128310675,3.3145233931463083,10.563263979308177
1669,5.176927023543712,0.37485075080822117,-2.7600622304239444
1670,12.357601377599218,9.428584281601836,-1.8182516863314893
1671,-3.4855347959488223,4.969765124315996,7.540525155216756
1672,11.749440528515358,0.9983253904185245,5.1797931757953
1673,12.296200171211684,15.260795710616657,4.1063705124431
1674,11.781068084105614,2.268380038401637,-3.204708284795103
1675,11.218460814221826,12.659509745405291,-4.874090127392194
1676,2.085278641379869,5.912953050539655,7.403403080933168
1677,3.5912260438411185,3.68201406671235,-3.887856878517592
1678,-5.184367933907024,7.857117486915662,6.739937197933416
1679,6.287714954558311,16.923170361781136,0.3554012210196547
1680,2.890893102015908,8.05691700121842,-10.999322795307103
1681,-0.8220727799179663,15.708351287560607,8.058668151853261
1682,3.1034020854776276,2.6094113791624034,13.600697580664406
1683,-2.659367313310987,16.164577441701468,-10.51030041276966
1684,12.406511049075506,4.919093775684502,-1.2007065010922167
1685,5.723987092810925,14.41236317589714,-1.8923545738847465
1686,12.356383778825785,11.796324242757034,3.399114080718851
1687,9.038766802210652,19.756161233692627,10.053588949107164
1688,-9.18066550986101,8.1774855554547,1.0574157717661985
1689,-5.838735679417315,1.3986744792544485,-8.815646759152877
1690,9.466890043259975,0.44988923191507757,-7.1622707602214195
1691,6.285165245050424,17.617022555353014,0.43942674968157874
1692,-9.398263353027335,10.92008909049693,-0.16158953848155747
1693,-5.154111813128363,16.168083296640297,7.101222558909041
1694,6.235755968900982,4.847450980584616,-1.2334458475459082
1695,-2.5370302295495,7.2499729704743645,7.588705663795474
1696,3.223574183914385,0.45960420395644036,-4.487278168373542
1697,1.311871671771653,20.193572739988216,-4.824788538215005
1698,5.958781965091271,14.194580754058448,-1.817561052752879
1699,4.784787342574237,19.61244758200791,12.985460080079836
1700,-8.738408614989112,5.546156010112991,-4.438301775638138
1701,4.38659348760326,12.778919790870514,12.944175476242616
1702,-7.083372169937012,14.338350504600552,5.040136706337967
1703,1.4934282026878767,6.585960428085553,7.523988200285829
1704,-9.54939225481781,17.994933527388156,-0.5350611860688583
1705,-7.52304792529639,20.083726695676642,4.736354935887058
1706,4.655485060789779,18.60763255148227,-3.269727450097826
1707,-2.600324821721739,15.519254985919158,-10.387608675989526
1708,5.862533579933804,5.9298242550481906,3.155275005519777
1709,-4.510718739148193,6.023416734440999,-9.50229795829766
1710,-1.6791483073496016,20.149967556260854,-10.794868862437959
1711,6.101464820250894,0.1633189013358624,-0.8408665132214532
1712,2.8392187832151397,14.904814694616705,-4.567189595312416
1713,10.92695806642394,14.872075907493912,-5.633326956459808
1714,-8.268380476492279,13.143143148291434,3.3540187381469257
1715,2.6170154522539986,20.657293204038055,-4.666575027269401
1716,0.704690033686078,6.503948260556614,14.042228021965471
1717,2.66256353556487,7.004683747900077,-4.450212350890986
1718,2.874145666941621,1.5678474808532827,-10.896071349996454
1719,2.008473484848038,9.353862573441116,13.79064830724773
1720,5.445239711754786,5.408670844263982,4.276631617997102
1721,5.825344694066932,7.181038150127299,-1.3240590940093775
1722,5.427920620483215,17.36327642257345,-2.489009671852145
1723,2.215519881559124,19.663873805049878,7.053281802948451
1724,4.752844448795625,3.8959671801244333,-3.3214344501887783
1725,2.588627574195118,7.749791637619467,-10.814945916758699
1726,2.9831152576822957,19.482340374655028,-4.450814505151181
1727,-9.412848030003813,1.3160071625240197,-0.6699114039779801
1728,0.3916521549534116,1.8580842754480142,14.142097329329735
1729,12.101059016399947,3.2709845189306384,-2.2135667303703794
1730,-4.738094171456332,12.68002695993305,-9.31198320612863
1731,1.9411219178562285,3.0965904206549197,7.345791439279855
1732,-4.091583885341918,20.319928000146714,-9.769794883590414
1733,-9.449180014457289,9.482089045930959,-2.470557829705796
1734,-6.81638254186526,10.884782686110542,5.653492265184275
1735,5.549293157292933,5.05538228692465,-2.0696547261269984
1736,11.443260016041016,9.935148022502055,6.181436475600007
1737,-8.074010635541734,13.829431056847831,3.967760438226803
1738,6.319753804541039,15.720840845577227,1.9095766522172932
1739,-2.776093641440373,15.759208534807495,7.8047535275943964
1740,-6.056674378380941,12.023147869795796,6.266411478634287
1741,12.56018174725068,18.987426138692534,-0.7888124201682241
1742,6.919179622066464,17.018114524723472,-9.325600842227383
1743,9.810844950817822,15.99269116532232,-6.80048879368616
1744,0.3980651066895019,1.1732162488930105,-4.7689323066993765
1745,-6.178715947681891,0.18668070390277958,6.037314736775286
1746,-9.143678850989476,4.414773959910311,1.6338780591148916
1747,0.9447425924873829,13.897275078761323,-4.855822703039495
1748,4.667169524314797,8.663903657050195,5.4330943186815945
1749,9.12311290072739,8.334126382044964,-7.472853362702368
1750,5.657791770891101,18.540525609380555,-1.804914117318795
1751,-9.19543022463648,18.720858459380768,-3.131138017922809
1752,5.965255061762052,19.0036236640662,3.0454224253629882
1753,0.49834870708324214,6.380455782753009,-4.883130009697151
1754,5.464305051765536,14.646104726472498,4.431456184554183
1755,3.218395538375164,5.635642931446386,13.529432868968945
1756,11.735809109725531,4.119144100079801,-3.5930134568112435
1757,4.9877906307490125,3.984160836434183,12.754585337396245
1758,-9.22823058068399,7.055660067483825,1.106808081864093
1759,5.045341916597022,8.920268891808972,-2.7612627719730236
1760,-8.922443838959609,17.705982888092006,-4.364678341965078
1761,-8.040910588030432,2.6928055571196685,3.5780142196178693
1762,12.731218681110612,15.430290943959967,1.3966203484962354
1763,4.666021190330636,11.186290508617148,-3.2267580132449964
1764,-9.226290003256787,5.983767555901124,1.069380993274342
1765,6.110314265195958,10.392446546609351,-1.0644052026685054
1766,0.7748964981752521,6.227065275245228,7.734139881555791
1767,7.252156141831045,12.314485683574588,-9.27979047717855
1768,-9.014908897154156,8.978566801309023,2.1257654030819735
1769,-3.267664375668912,3.454625385441512,7.4648307384133075
1770,-4.5697035163289685,2.335137842119372,7.038803670305407
1771,-8.519156846181408,11.473881577023379,3.272151612865891
1772,10.862512764557485,18.84320759506489,-5.3137230089900855
1773,11.269274885333084,7.144876025461197,6.86261328878377
1774,5.385829964485511,15.478318782316407,12.53641377504985
1775,11.139389388662169,13.856636508499117,-5.137450587364114
1776,1.4044754032116336,19.561686758367767,7.476939077018581
1777,2.2042854684580613,17.328497760589023,-10.90678882539397
1778,-7.297877574954419,11.946771296349457,4.897388153094869
1779,4.80349340776292,13.942296792041391,5.146964203708903
1780,12.728535198336814,18.82012987203322,1.1211791834053837
1781,1.896154391430434,8.34693097847288,-4.6977390593287955
1782,10.417732444744882,6.73257789637419,7.926491486224349
1783,-8.41227262320465,0.18413468460188115,3.359718036925318
1784,-2.9588378026748474,17.454049547450992,-10.123063832642154
1785,-0.7441964799267932,16.950593445696875,-10.915247142304132
1786,10.908924654253823,2.2895753969118458,7.265852983681396
1787,-2.8136864012746403,11.934585817131762,-10.386376428145836
1788,-4.901594637352159,9.851930182770708,-9.24315755848856
1789,3.0645353538974907,2.3090391433641337,-4.340950550726268
1790,-9.58764186810812,20.68174450068743,-1.6383945634028405
1791,6.01520821891091,4.471835184073359,-0.9156659675928824
1792,7.257938829992332,1.4821711132951696,-9.107311282714795
1793,-9.452725784603873,12.358550134750645,-1.0727054192237264
1794,1.5431308681450857,15.6333169830643,-11.153729512468407
1795,2.032924188028218,0.5348148923804373,-4.810272571782143
1796,4.047409008804753,13.766224922182149,-3.897939496041122
1797,5.203967799263197,11.07831993220364,-10.259131016566458
1798,3.2487713600389165,1.993136701093767,-4.089519192020108
1799,3.3304573518895197,3.63245417263245,-4.331080629785375
1800,0.6556138895367742,12.108069155421388,-4.830855725275697
1801,5.466193699169019,6.490200406011057,12.684997349301018
1802,7.271672892432326,19.714345880386265,-9.188759861892953
1803,-1.532640444034231,17.30521294667182,7.946467060278218
1804,2.448706784208165,20.678120800579777,7.046251515372124
1805,-1.242974776908102,5.502975937435515,7.9388206183457894
1806,10.253398172737906,20.329981423644796,-6.333207141144332
1807,-0.6116852390812217,9.075418958164976,-10.865321292693567
1808,6.33602646209306,7.35164257204949,0.9675046749046923
1809,6.243760454309151,0.9994940934687849,0.4089609845424733
1810,4.623930959434834,1.100320985062356,-3.353910976130961
1811,-0.6849561368202419,14.526393362979999,-10.862561716007946
1812,9.632193486864288,9.699149214847639,-7.0617885847395225
1813,4.479616905597185,4.650350929595452,5.728831803963048
1814,0.9548136720900613,12.88822221196912,-4.666491772671221
1815,3.7362267402772047,5.5012210301576046,-3.9879274161909257
1816,3.9181812233611977,12.246672856491468,13.337271853260676
1817,2.4733375933441066,7.678301591525368,7.105714898662898
1818,9.706781836428398,17.297039942866004,-6.887326618499734
1819,-3.9495149220665176,17.266719132470968,-9.749235061295604
1820,-3.66442126073174,10.124581977240721,7.449925600194935
1821,6.245189810089908,7.52322684898842,2.4537499214361143
1822,5.109142388485738,7.418595436452696,-2.446421380335682
1823,-5.036018778105661,16.78846090832759,-9.31859731031834
1824,10.309868212661042,7.022713548890116,-6.175255372481256
1825,-2.2664870968864244,4.362557912266886,-10.54377549429626
1826,-9.33177432846277,1.7112831004556357,-2.653006037044754
1827,2.023791841958482,9.675139439873016,-4.736240125318444
1828,4.213766749253561,10.069272407162268,13.400962166888249
1829,11.572225390764954,17.518845990118667,-3.991020208722347
1830,2.791073529941329,4.855122052640591,6.87269935837693
1831,2.6367589990336735,7.998573141838341,13.853047675433343
1832,-5.714989727182452,16.97072546259124,-8.553049001610058
1833,-7.485198728408601,17.354903493245228,-6.991329549948756
1834,8.233477933027693,8.173067112480789,-8.378046519724904
1835,12.09721839500997,9.736193304675762,-2.510785266559512
1836,-0.9882926812423513,6.476365902225698,-11.03067575036372
1837,5.467076807131668,19.520567891726465,-2.106778134247731
1838,-0.37216416118462686,2.4617324000775005,7.902106969366498
1839,8.511210063401942,19.685641048575096,10.60099136195342
1840,6.147150641762138,14.308456582378247,3.706047046960619
1841,-2.860981284514886,11.162504543218631,7.607045675266118
1842,-7.130070094636086,0.7257166529168948,5.327381199102613
1843,-7.491066917670628,10.066038536493213,4.86242713968256
1844,-5.1326320105751275,8.384942108820358,-9.065606360450854
1845,6.7721294438429505,3.4570696164664683,11.73970049791455
1846,5.316673963389106,13.761229267728622,4.290542199981541
1847,5.4080774335147215,20.46491482582044,-2.4343063398415365
1848,6.17099690459015,11.88365820159051,1.766147994693846
1849,11.544095255436718,15.170610311434778,6.304822407715624
1850,-2.0602533692427,1.5728048686484728,-10.493064665442375
1851,3.1282392299786936,8.905664078417917,6.7098085488499
1852,12.222216801703349,2.5878952203710375,-1.9084191280810379
1853,12.545110249665068,12.897850444748313,3.3852108352878885
1854,12.666154797726122,19.711343831200928,1.4426438531280488
1855,9.253530663529661,13.984614090222243,9.4033469522942
1856,4.88241565382422,1.6860721097461544,5.132816968674893
1857,8.759526183128797,7.4170836810129135,-7.978657603189452
1858,-8.48515951021706,11.604413309138708,3.1920486171347533
1859,12.395408037314072,8.463853232119837,0.8617265343445561
1860,6.575285858343925,17.421130929132612,-9.741225238455497
1861,10.357785629049712,17.237137173047408,-6.16471761925194
1862,-1.0372458710533565,12.85397134642066,-10.776619670830687
1863,6.346010224807024,8.047487673556695,0.6653475717230671
1864,-9.049027660188754,5.199514622008143,-3.8945358119084066
1865,1.9961037101389074,2.167682805191379,13.743322523644352
1866,7.378284395657415,7.456115236886721,11.344131245144844
1867,2.253755335143036,8.790360971125002,-4.696576743570001
1868,6.141326523044242,14.232228364445763,-0.039885135482438897
1869,5.530832137382251,13.852403585667117,-1.9689270032188722
1870,6.083957822743786,1.3595445532109813,-9.688562112429752
1871,12.415534967732189,8.184751484331366,-1.7839299849444998
1872,6.081316051675431,3.8496066775935907,2.805493203029264
1873,-9.589133403513204,3.1566562122710837,-0.5238538060510227
1874,12.730794437974883,17.320157369453234,0.8529949231215924
1875,6.8553092252620775,0.9303112839499939,-9.385064918585577
1876,-9.000946252818535,8.70460796671687,-3.925765498962523
1877,-6.698959708198531,3.6928123673330626,-7.7335180779106345
1878,-9.234650165929583,18.588328163671743,-0.7085410742607935
1879,2.70584382732291,11.540708778941909,7.096552879780183
1880,-8.279731191026624,4.76575623959561,-5.63867827641659
1881,2.4916643250526134,10.32239530604441,-10.882800766471075
1882,12.073126673577171,15.28295441751062,4.762803441968026
1883,-2.9742465485470073,20.19711703496535,-10.251765348928279
1884,9.068501930857146,4.587976594926312,-7.449496067726962
1885,6.191976552840451,18.655896939077845,-0.3460997691647672
1886,-8.555410695694286,19.46815296568912,3.029510377805822
1887,0.5044440451791303,19.324628960631582,-4.811936883949139
1888,5.236512372694144,13.288190571307272,4.66949718514327
1889,5.967378998451777,13.227450711357152,-9.64381326423216
1890,1.0820002048382342,8.458135846720973,14.012027299451193
1891,4.654953820332041,15.673200676290318,-3.373917880845987
1892,-5.109025170950642,11.041865952195591,6.892385063511746
1893,11.728617880683773,14.322978942694526,-3.73632049346012
1894,6.263203590793032,9.037515196574875,2.1760649696584866
1895,-8.599507521428226,15.466430649061262,-4.94081643384403
1896,6.780529435777139,17.34636769324578,-9.45228674563265
1897,-4.956760940100771,3.08946045214006,-9.515134093029978
1898,6.241395759063312,17.31892296519211,1.2274689855116954
1899,-1.5924992358275825,11.319190497920335,7.869976604373596
1900,10.806270563036689,17.735245658854335,-5.457899243528898
1901,-8.680101625797791,9.252646552988564,-5.007979866744962
1902,0.19220926129003715,8.028545856253604,-4.640727764478681
1903,9.197027852355365,19.369881501032623,-7.499876404156001
1904,1.7529159228179318,5.3343083891059,-4.7646096105231805
1905,7.928022582247157,17.657328508314055,-8.588916997249326
1906,6.113028313847829,10.176144444312472,2.1137443143330144
1907,5.364285475123025,10.819626658202877,12.728688225199262
1908,-2.6415275663780573,6.3839183543020965,7.71216247119565
1909,0.47308216803537234,11.995447475340036,7.689807079696377
1910,6.19073256885211,6.808858422432721,-0.9625981561895485
1911,1.959700387770667,0.9852196823312104,7.483995728333222
1912,11.937215285983445,5.50389665969238,5.223543993185239
1913,0.3692287733853859,0.2545417536100086,14.186501263273142
1914,-2.6710485031521864,20.45177100469805,7.690938765902653
1915,-7.8512114732669405,20.143483487487735,4.0030746415976735
1916,5.5891083449701195,8.416255459922253,-9.833848921757978
1917,11.496489292382268,15.368977748056004,6.448493877044159
1918,-6.578067369683951,7.387379936857044,-7.765400629287251
1919,-4.376607512820649,14.173026493560055,7.136498754052184
1920,-5.742073665682281,17.120015404139302,6.1939253878965435
1921,3.070151436975353,19.937753522231503,-10.958114101296006
1922,0.2916385773207551,8.388810055230797,-4.908912184684217
1923,-4.629050755984034,16.483550279809133,-9.540904856963573
1924,-1.6581152502323846,5.708844376109091,8.048194047584781
1925,11.385603578351473,20.719040847140604,-4.4118765360738985
1926,4.187794460728482,0.4759727157982359,-3.5460959228814595
1927,-6.816195547214225,12.643208935063749,-7.439612501295981
1928,-8.864725054455352,13.639167334801336,1.6086712254788096
1929,-2.449957318571494,14.462764539398462,-10.280546044909993
1930,3.1055985731220366,2.3395262841757667,-4.160528211096711
1931,-7.412498198918644,19.714431384229,-6.979713531356704
1932,-8.4424029443152,3.891377835665264,-5.535961480393796
1933,-8.588901719454524,13.030133821972278,-5.339066427312448
1934,-5.9037975335076425,4.843909248603471,-8.644988732672475
1935,0.8835951810735908,6.30549466750484,-11.156330930031853
1936,12.033388717312128,11.594755444453794,-3.118541797930342
1937,4.076756337010688,8.828575495496798,6.1155370592719445
1938,12.415662227635815,3.1931342956755633,-0.9584715602304467
1939,-9.31815141664947,3.8607438807418673,0.02837782444421355
1940,3.4994987820929544,8.774666022868395,-4.1892388489109695
1941,2.683059362421211,15.815194141569952,-4.472110950997042
1942,-0.060253565083547914,18.71654886432516,7.812237824551019
1943,10.972694881841843,1.7446791046810723,-5.372271639803719
1944,4.341179022205735,8.242441371508427,-10.440098996872283
1945,11.10696993844114,2.1154213910343755,-4.895088960922797
1946,-9.453017108696063,0.31866247766215955,-1.4157442013394579
1947,-7.4505988515671735,13.9594148665346,4.634947866439846
1948,6.0224810053513,12.612675298032018,-1.1333120444322664
1949,0.27502371826191,3.2299049783885634,7.8722718545207
1950,-7.150414071895316,4.8951333453893815,5.172882642108488
1951,4.005067033907368,0.2611150611975582,-3.569910139010822
1952,5.94066988524034,17.569268382671616,3.348206566170859
1953,-6.271157039846828,20.370572493991318,-8.086016425122319
1954,7.304408946780313,2.8609863081800873,-9.21512413652284
1955,0.21593612969477902,4.99238698722372,14.226096715502207
1956,7.821299319104777,18.141725133358815,10.878374043747273
1957,-2.4384949848402595,19.561865382931096,-10.490374857395626
1958,-6.346849877270411,8.768836082274403,5.959855841858328
1959,-2.8675504996771877,1.2383913978571153,-10.107851318419593
1960,10.854970394351888,0.7907132462293861,-5.190884331246068
1961,5.0752447642712495,11.96889788889855,-2.572001504355325
1962,-5.583727922097119,8.319521131796288,6.575505684390586
1963,12.465817591483003,0.5581220061683813,0.5501944216721824
1964,-3.860231039772927,12.164155287150791,7.261908419357524
1965,-7.8975390774066,0.18956928329909278,-6.263402408436151
1966,-6.946884049519082,16.530350467916435,-7.544494735014205
1967,6.429290262921718,6.5693072898952884,1.1382894952643263
1968,-2.2546825846109786,0.6520092886479164,7.833191114987134
1969,-0.1146890393533502,12.357704706541261,7.921693476270117
1970,1.210609668250677,8.413863062559551,-4.890337867005979
1971,1.1316447061899186,20.469153537999322,-4.755484807488382
1972,12.559239212394868,11.5591584295211,-0.09410742654687596
1973,3.962854659800721,5.7725882688013215,6.264167526384689
1974,-9.371834661626542,14.879761013094877,-1.4256498649851725
1975,2.451307702428231,5.760565008098273,7.155327284675213
1976,7.247318381984844,18.999040501054004,11.538085499296457
1977,4.439758779679224,7.830120506826858,5.331277956349514
1978,-6.900758741442904,11.598854222258947,5.3393980917280635
1979,12.103975590909435,0.9967823509871414,4.674919342307941
1980,12.67879622402653,8.887428281794914,1.1290505856303963
1981,6.288946385241151,17.426834930704334,1.116718361015195
1982,11.701216312326876,17.05393182864682,-3.4221732335766544
1983,-8.395909847671295,4.38858810032548,3.4672489039444283
1984,-9.091531419604081,4.787220374698111,1.4629553056652587
1985,5.784128000424651,17.166838737897994,-1.812218906664575
1986,3.7276769259578595,19.370279777632025,-4.006761560383533
1987,6.408702761965459,2.0335520246466747,-9.739277606480082
1988,-9.373854039921858,9.498806627133884,0.14269416276467503
1989,-7.323824650663813,7.145503781384548,4.9255073627196
1990,6.447704549931669,18.01927475830173,-9.662161058391108
1991,9.64714841625186,1.890662149465838,-7.166727347084513
1992,6.2260262290313495,4.359871123250302,-0.41200119013042336
1993,-5.079712618650194,15.870491863991699,-8.95190133360834
1994,5.643978063953282,1.151278206673756,-1.7184054884099635
1995,8.498756156686326,10.255573286438146,-8.131250869331042
1996,-1.049561688586253,9.350293723509276,-10.800846678207089
1997,5.371403997462556,6.983875434672486,12.567001210148387
1998,3.243738985786255,8.078880903763585,-4.3154072426603785
1999,2.702771806831481,11.24552651808767,-4.477909668066757
2000,3.709371630102728,3.3112100298544216,6.589284151596218
